software_version,cluster_header,clusterName,clusterSize,f_score,precision,recall,TN,FP,FN,TP,marker_count,NSForest_markers,binary_genes,onTarget
4.1,cluster_id,Inh L1-2 PAX6 CDH12,90,0.78,0.975,0.43333333333333335,15512,1,51,39,2,"['TGFBR2', 'CPLX3']","['TGFBR2', 'DDR2', 'BCHE', 'SP8', 'CPLX3', 'DCN', 'WIF1', 'SDK2', 'RELN', 'COL16A1']",0.20640588147533756
4.1,cluster_id,Inh L1-2 PAX6 TNFAIP8L3,16,0.6944444444444444,1.0,0.3125,15587,0,11,5,2,"['LINC01497', 'EYA1']","['LINC01497', 'SCGN', 'PLSCR2', 'EYA1', 'PALMD', 'BMP3', 'SP8', 'DDR2', 'ANGPT1', 'HCRTR2']",0.770144263213003
4.1,cluster_id,Inh L1 LAMP5 NMBR,283,0.8962693357597816,0.9656862745098039,0.696113074204947,15313,7,86,197,2,"['NDNF', 'SV2C']","['NMBR', 'HS3ST5', 'NDNF', 'BMP6', 'NPNT', 'SV2C', 'FAT1', 'COL5A2', 'FREM1', 'LINC00299']",0.3815703361981745
4.1,cluster_id,Inh L1-4 LAMP5 LCP2,356,0.8171641791044776,0.8902439024390244,0.6151685393258427,15220,27,137,219,2,"['CPLX3', 'KIT']","['TRPC3', 'HAPLN1', 'EYA4', 'CPLX3', 'KIT', 'FREM1', 'PKP2', 'NXPH2', 'FBXL7', 'PRELID2']",0.17711393622434277
4.1,cluster_id,Inh L1-2 LAMP5 DBP,21,0.3448275862068966,1.0,0.09523809523809523,15582,0,19,2,1,['CBLN4'],"['ADAMTS20', 'MYH11', 'LAMP5', 'EYA4', 'CBLN4', 'CPLX3', 'FREM1', 'UFL1', 'KIT', 'RELN']",0.2318365150003452
4.1,cluster_id,Inh L2-6 LAMP5 CA1,256,0.78125,0.9583333333333334,0.44921875,15342,5,141,115,2,"['SFRP1', 'PDGFD']","['TMEM255A', 'SFTA3', 'SFRP1', 'CA8', 'PDGFD', 'LTBP1', 'LAMP5', 'EYA4', 'HCRTR2', 'ITGA8']",0.6105180035590905
4.1,cluster_id,Inh L1 SST CHRNA4,52,0.5555555555555556,0.625,0.38461538461538464,15539,12,32,20,2,"['SEMA3C', 'ANKFN1']","['ARHGAP36', 'MC4R', 'SEMA3C', 'RGMB', 'ANKFN1', 'ADAM33', 'LINC00299', 'PRELID2', 'THSD7B', 'COL12A1']",0.17299795581477456
4.1,cluster_id,Inh L1-2 ADARB2 MC4R,107,0.6188925081433225,0.76,0.35514018691588783,15484,12,69,38,2,"['ARHGAP36', 'ADAM33']","['MC4R', 'ARHGAP36', 'RXRG', 'LINC01435', 'NDST4', 'ADAM33', 'ADAMTS9-AS2', 'PRELID2', 'NTN4', 'COBLL1']",0.32932369332369776
4.1,cluster_id,Inh L1-2 SST BAGE2,108,0.4846938775510204,0.8636363636363636,0.17592592592592593,15492,3,89,19,2,"['BAGE2', 'SEMA3C']","['BAGE2', 'SCN5A', 'SYT10', 'PCDH18', 'SEMA3C', 'NDST4', 'GRB14', 'THSD7B', 'ARHGAP18', 'ADAMTSL1']",0.5779229995227202
4.1,cluster_id,Inh L1-3 VIP SYT6,29,0.684931506849315,0.9090909090909091,0.3448275862068966,15573,1,19,10,3,"['SYT6', 'VIPR2', 'EPS8']","['SYT6', 'LINC01539', 'VIPR2', 'SLC17A8', 'EPS8', 'PDLIM5', 'CHRNA7', 'PDE3A', 'CNR1', 'PLCXD3']",0.6153973791176923
4.1,cluster_id,Inh L1-2 VIP TSPAN12,42,0.6395348837209303,1.0,0.2619047619047619,15561,0,31,11,3,"['LINC01539', 'DCN', 'LAMA3']","['TSPAN12', 'LINC01539', 'ADRA1D', 'DCN', 'SCN7A', 'LAMA3', 'HCRTR2', 'COL16A1', 'WIF1', 'CDH4']",0.10893141747548486
4.1,cluster_id,Inh L1-4 VIP CHRNA6,25,0.4878048780487805,1.0,0.16,15578,0,21,4,3,"['SYT9', 'CCDC141', 'EPS8']","['CDKN1C', 'CHRNA6', 'LINC00836', 'SYT9', 'CCDC141', 'EPS8', 'ABCB5', 'CHRNA2', 'HCRTR2', 'ANKRD30B']",0.22144021447101558
4.1,cluster_id,Inh L1-3 VIP ADAMTSL1,72,0.7336956521739131,0.9642857142857143,0.375,15530,1,45,27,2,"['DACH2', 'PCDH18']","['PTGFR', 'DACH2', 'PCDH18', 'EGF', 'SEMA3C', 'TEX9', 'THSD7B', 'SRGAP1', 'ARHGAP18', 'KMO']",0.25029585853592184
4.1,cluster_id,Inh L1-4 VIP PENK,17,0.6060606060606061,1.0,0.23529411764705882,15586,0,13,4,2,"['PENK', 'DNAH11']","['WNT9B', 'PENK', 'DNAH11', 'ROR2', 'HMCN2', 'PTGFR', 'PCDH18', 'NPNT', 'HTR2C', 'RGMA']",0.793603205037273
4.1,cluster_id,Inh L2-6 VIP QPCT,37,0.7526881720430108,1.0,0.3783783783783784,15566,0,23,14,2,"['IGFBP7', 'PCP4']","['ABI3BP', 'FREM2', 'LINC01583', 'IGFBP7', 'RGS16', 'PCP4', 'SMOC1', 'CHRNA2', 'VIP', 'SEMA5A']",0.23804445950895803
4.1,cluster_id,Inh L3-6 VIP HS3ST3A1,80,0.6382978723404256,0.8888888888888888,0.3,15520,3,56,24,3,"['ABI3BP', 'IQGAP2', 'SLC22A3']","['HS3ST3A1', 'ABI3BP', 'PROS1', 'PTH2R', 'IQGAP2', 'SLC22A3', 'SMOC1', 'LAMA3', 'ARHGEF28', 'PDE3A']",0.2563272615852643
4.1,cluster_id,Inh L1-2 VIP PCDH20,61,0.48672566371681414,0.8461538461538461,0.18032786885245902,15540,2,50,11,3,"['SP8', 'MCTP2', 'CRH']","['SERTM1', 'SP8', 'LINC01470', 'ANGPT1', 'MCTP2', 'CRH', 'BTBD3', 'VIP', 'PLS3', 'SVIL']",0.12340262243402646
4.1,cluster_id,Inh L2-5 VIP SERPINF1,55,0.5462184873949579,0.8125,0.23636363636363636,15545,3,42,13,2,"['SERPINF1', 'LINC01583']","['SERPINF1', 'LINC01583', 'RGS8', 'TAC3', 'MEGF11', 'GPR149', 'KMO', 'VGF', 'ARHGAP18', 'TSHZ2']",0.4609754598329874
4.1,cluster_id,Inh L2-5 VIP TYR,62,0.5797101449275363,0.8421052631578947,0.25806451612903225,15538,3,46,16,2,"['COL15A1', 'IQGAP2']","['EREG', 'TYR', 'NOX4', 'COL15A1', 'RGS8', 'IQGAP2', 'CBLN4', 'FBN2', 'TAC3', 'CMTM8']",0.14880192555809996
4.1,cluster_id,Inh L1-3 VIP CHRM2,175,0.5297157622739018,0.7735849056603774,0.2342857142857143,15416,12,134,41,2,"['HRH3', 'EMID1']","['SYT2', 'HRH3', 'FLT1', 'EXPH5', 'IGFBP5', 'EMID1', 'SHISA8', 'PTGDS', 'CHRM2', 'SEZ6']",0.2682906382991328
4.1,cluster_id,Inh L2-4 VIP CBLN1,67,0.6830601092896175,0.8620689655172413,0.373134328358209,15532,4,42,25,3,"['MME', 'HTR2C', 'SLC22A3']","['CBLN1', 'GPR83', 'SCTR', 'MME', 'HTR2C', 'SLC22A3', 'DCN', 'TAC3', 'ARHGAP24', 'GPR149']",0.25491228985606806
4.1,cluster_id,Inh L1-3 VIP CCDC184,64,0.546875,0.875,0.21875,15537,2,50,14,2,"['SCML4', 'CD163L1']","['SCML4', 'SLC6A11', 'LINC01170', 'KCNH8', 'CD163L1', 'IGFBP5', 'TBL1X', 'KMO', 'RNF144B', 'ADAMTS17']",0.3613951366992729
4.1,cluster_id,Inh L1-3 VIP GGH,68,0.4268292682926829,0.5833333333333334,0.20588235294117646,15525,10,54,14,1,['VWDE'],"['CD24', 'GGH', 'VWDE', 'PTH2R', 'SCTR', 'IGFBP5', 'CCNG2', 'PTHLH', 'PCDH19', 'SEZ6']",0.5355986064997855
4.1,cluster_id,Inh L1-2 VIP LBH,47,0.4819277108433735,0.8888888888888888,0.1702127659574468,15555,1,39,8,3,"['SYT10', 'EDNRA', 'KLHL13']","['SCN5A', 'SCML4', 'SYT10', 'EDNRA', 'PTGER3', 'KLHL13', 'PCDH18', 'NRP2', 'KCNH8', 'OPRK1']",0.26614353566018917
4.1,cluster_id,Inh L2-3 VIP CASC6,45,0.5445544554455446,0.7857142857142857,0.24444444444444444,15555,3,34,11,3,"['LRRC63', 'ADAMTS5', 'EFEMP1']","['CASC6', 'ABCB4', 'SRL', 'LRRC63', 'ADAMTS5', 'EFEMP1', 'AR', 'CLDN11', 'SLC7A11', 'TNS3']",0.40122032139160513
4.1,cluster_id,Inh L2-4 VIP SPAG17,33,0.6164383561643836,0.9,0.2727272727272727,15569,1,24,9,2,"['LINC00836', 'CCDC141']","['SPAG17', 'LINC00836', 'MYBPHL', 'NPR3', 'CCDC141', 'SLC7A11', 'LGI2', 'KCNG2', 'ANGPT1', 'CHRNA2']",0.5185988256143181
4.1,cluster_id,Inh L1-4 VIP OPRM1,52,0.5833333333333334,0.8235294117647058,0.2692307692307692,15548,3,38,14,3,"['LINC01583', 'SLC22A3', 'PCP4']","['LINC01583', 'BOLL', 'LYPD1', 'RXRG', 'SLC22A3', 'PCP4', 'KCNG2', 'TRPC6', 'CHRNA2', 'CRH']",0.21987013833629937
4.1,cluster_id,Inh L3-6 SST NPY,15,0.9859154929577465,1.0,0.9333333333333333,15588,0,1,14,1,['NPY'],"['LINC01014', 'CD177P1', 'NPY', 'CDHR1', 'NPY2R', 'NOS1', 'CORT', 'CRHBP', 'TACR1', 'SST']",0.815220367010937
4.1,cluster_id,Inh L3-6 SST HPGD,60,0.5902777777777778,0.8095238095238095,0.2833333333333333,15539,4,43,17,3,"['HPGD', 'FAM89A', 'BMP3']","['HPGD', 'ANXA2', 'RSPO3', 'FAM89A', 'ALDH1A3', 'BMP3', 'COL18A1', 'RGS5', 'TAC1', 'MOXD1']",0.59758282332294
4.1,cluster_id,Inh L4-6 SST B3GAT2,182,0.46332046332046334,0.5714285714285714,0.26373626373626374,15385,36,134,48,2,"['RCAN3', 'NMU']","['RCAN3', 'PRLR', 'NMU', 'EDNRA', 'SLC17A8', 'QRFPR', 'FREM1', 'FLT3', 'PAWR', 'SST']",0.3642767107046727
4.1,cluster_id,Inh L5-6 SST KLHDC8A,63,0.7389162561576355,0.8571428571428571,0.47619047619047616,15535,5,33,30,3,"['NDST4', 'VCAN', 'TRPC6']","['KLHDC8A', 'LINC00943', 'NPY', 'NDST4', 'VCAN', 'TRPC6', 'ANGPT1', 'EPB41L4A', 'COL25A1', 'SEL1L3']",0.12416644216480063
4.1,cluster_id,Inh L5-6 SST NPM1P10,79,0.7798165137614679,0.8225806451612904,0.6455696202531646,15513,11,28,51,2,"['FBN2', 'SPON1']","['NPM1P10', 'ADAMTS20', 'FBN2', 'ITGA1', 'SPON1', 'HGF', 'SST', 'TAC3', 'TRHDE-AS1', 'THSD7B']",0.2612361715209345
4.1,cluster_id,Inh L4-6 SST GXYLT2,41,0.7619047619047619,1.0,0.3902439024390244,15562,0,25,16,2,"['PROM1', 'NDST4']","['IRS4', 'SLC17A8', 'PROM1', 'QRFPR', 'NDST4', 'CFAP47', 'KLHL1', 'TRHDE-AS1', 'PHACTR2', 'SPHKAP']",0.4417413765622411
4.1,cluster_id,Inh L4-5 SST STK32A,93,0.5622489959839357,0.717948717948718,0.3010752688172043,15499,11,65,28,2,"['STK32A', 'SLC9A2']","['STK32A', 'EDNRA', 'SLC9A2', 'NMU', 'SYT9', 'ADGRG6', 'CCDC141', 'SST', 'PCDH15', 'PLOD2']",0.3600303070616357
4.1,cluster_id,Inh L1-3 SST CALB1,279,0.5236270753512133,0.6507936507936508,0.2939068100358423,15280,44,197,82,2,"['CBLN4', 'MYO5B']","['CALB1', 'CRYBG3', 'FBN2', 'CBLN4', 'SLC24A4', 'MYO5B', 'CMTM8', 'CUX2', 'NXPH2', 'TOX2']",0.11504444307537254
4.1,cluster_id,Inh L3-5 SST ADGRG6,132,0.6678082191780822,0.975,0.29545454545454547,15470,1,93,39,3,"['PROM1', 'ADGRG6', 'SLC9A2']","['PROM1', 'OTOF', 'ADGRG6', 'RSPO3', 'SLC9A2', 'NOS1', 'ADAMTS9-AS2', 'SST', 'EYS', 'CDH7']",0.3683813323273032
4.1,cluster_id,Inh L2-4 SST FRZB,64,0.3525641025641026,0.4782608695652174,0.171875,15527,12,53,11,4,"['KCNS3', 'NOS1', 'NMU', 'MYO5B']","['FRZB', 'KCNS3', 'FBLN7', 'NOS1', 'NMU', 'MYO5B', 'HPSE2', 'FLT3', 'CRHR2', 'EYS']",0.13796480155823337
4.1,cluster_id,Inh L5-6 SST TH,27,0.6779661016949152,1.0,0.2962962962962963,15576,0,19,8,2,"['TH', 'MASP1']","['TH', 'CACNG5', 'MASP1', 'LAYN', 'HGF', 'EPB41L4A', 'SULF2', 'RAB3B', 'GPC5', 'LINC00290']",1.0
4.1,cluster_id,Inh L5-6 LHX6 GLP1R,27,0.7746478873239436,1.0,0.4074074074074074,15576,0,16,11,3,"['GLP1R', 'MYBPC1', 'BCHE']","['GLP1R', 'LRIG3', 'HTR7', 'CFAP47', 'MYBPC1', 'BCHE', 'WNT16', 'HGF', 'SEMA3C', 'CPED1']",0.3893243424589769
4.1,cluster_id,Inh L5-6 PVALB LGR5,52,0.6,1.0,0.23076923076923078,15551,0,40,12,2,"['SRPK3', 'ANKRD34B']","['SRPK3', 'ANKRD34B', 'SLC17A8', 'WNT16', 'CPED1', 'CHRM2', 'PLCE1', 'ARHGAP42', 'GPR149', 'SVIL']",0.5285905405375292
4.1,cluster_id,Inh L4-5 PVALB MEPE,64,0.6707317073170732,0.88,0.34375,15536,3,42,22,3,"['MEPE', 'HGF', 'SPP1']","['MEPE', 'KCNK13', 'TMEM26-AS1', 'SNTB1', 'HGF', 'SPP1', 'CPED1', 'TAC1', 'CHRM2', 'PLCE1']",0.2112746682013582
4.1,cluster_id,Inh L2-4 PVALB WFDC2,387,0.6287985039738195,0.6141552511415526,0.6950904392764858,15047,169,118,269,2,"['PVALB', 'TAC1']","['PVALB', 'RGS5', 'SULF1', 'TAC1', 'MYO5B', 'RNF144B', 'TMEM132C', 'CUX2', 'CNTNAP3', 'SLC9A9']",0.2412723914433738
4.1,cluster_id,Inh L4-6 PVALB SULF1,167,0.6163021868787276,0.7380952380952381,0.3712574850299401,15414,22,105,62,2,"['SULF1', 'PIEZO2']","['CDCA7', 'POSTN', 'SULF1', 'PIEZO2', 'WNT16', 'CNTNAP3P2', 'TAC1', 'MYO5B', 'CPED1', 'RNF144B']",0.2164530294923626
4.1,cluster_id,Inh L5-6 SST MIR548F2,80,0.6359649122807017,0.7837837837837838,0.3625,15515,8,51,29,2,"['ZFPM2-AS1', 'HGF']","['ZFPM2-AS1', 'STON2', 'AGBL1', 'WNT16', 'HGF', 'VAV3', 'MYO5B', 'CPED1', 'LYPD6', 'PARD3B']",0.5272917833116801
4.1,cluster_id,Inh L2-5 PVALB SCUBE3,32,0.859375,0.9166666666666666,0.6875,15569,2,10,22,2,"['LINC00943', 'COL15A1']","['NOG', 'LINC00943', 'COL15A1', 'CA8', 'MME', 'PLEKHH2', 'UNC5B', 'PVALB', 'NPNT', 'RYR1']",0.961840855987546
4.1,cluster_id,Exc L2 LAMP5 LTK,812,0.6032338308457711,0.7275,0.3583743842364532,14682,109,521,291,2,"['LINC01500', 'ACVR1C']","['C1QL2', 'LTK', 'LINC01500', 'ACVR1C', 'LINC00507', 'FAM163A', 'VRK2', 'PDGFD', 'LAMP5', 'CBLN2']",0.6456026370700344
4.1,cluster_id,Exc L2-4 LINC00507 GLP2R,170,0.5642633228840125,0.6153846153846154,0.4235294117647059,15388,45,98,72,2,"['PENK', 'CALCRL']","['GLP2R', 'SH3RF2', 'ACVR1C', 'PENK', 'MFGE8', 'CALCRL', 'MOXD1', 'DPP4', 'PAMR1', 'TESPA1']",0.1292921485226431
4.1,cluster_id,Exc L2-3 LINC00507 FREM3,2284,0.7695417789757413,0.8894080996884736,0.5,13177,142,1142,1142,2,"['LINC00507', 'MET']","['ONECUT2', 'CNGB1', 'LINC00507', 'MET', 'LINC00470', 'IQCJ-SCHIP1', 'PALMD', 'COL5A2', 'CDH22', 'GLIS3']",0.22297069991627175
4.1,cluster_id,Exc L5-6 THEMIS C1QL3,1537,0.8494342906875544,0.9277566539923955,0.6350032530904359,13990,76,561,976,3,"['THEMIS', 'PXDN', 'ADAMTS3']","['LINC00343', 'PTER', 'SNTG2', 'THEMIS', 'PXDN', 'ADAMTS3', 'MOXD1', 'OPRK1', 'SLIT3', 'PDGFC']",0.15455940755520406
4.1,cluster_id,Exc L3-4 RORB CARM1P1,280,0.73559670781893,0.8265895953757225,0.5107142857142857,15293,30,137,143,3,"['CARM1P1', 'CCDC68', 'CLMN']","['CARM1P1', 'CARTPT', 'CCDC68', 'PRSS12', 'CCDC168', 'CLMN', 'PIK3C2G', 'COL5A2', 'SLC38A11', 'PHLDB2']",0.5209460202697704
4.1,cluster_id,Exc L3-5 RORB ESR1,1428,0.8458302852962692,0.9158415841584159,0.6477591036414566,14090,85,503,925,2,"['ANXA1', 'MET']","['TPBG', 'ANXA1', 'CD53', 'FSHR', 'MET', 'HS3ST3B1', 'SLC38A11', 'PAPSS2', 'GABRG1', 'SLC22A25']",0.3827706028517286
4.1,cluster_id,Exc L3-5 RORB COL22A1,160,0.7207207207207207,0.9014084507042254,0.4,15436,7,96,64,2,"['COL22A1', 'MME']","['LINC01164', 'COL22A1', 'GPR26', 'CCDC168', 'CMAHP', 'MME', 'MYLK', 'ITGA11', 'RMST', 'PHLDB2']",0.5783204918209024
4.1,cluster_id,Exc L3-5 RORB FILIP1L,153,0.5149051490514905,0.7037037037037037,0.24836601307189543,15434,16,115,38,5,"['LINC00333', 'MYLK', 'COL5A2', 'RMST', 'ADAMTS3']","['LINC00333', 'CMAHP', 'MYLK', 'COL5A2', 'RMST', 'ADAMTS3', 'LAMA2', 'CUX2', 'GLRA3', 'OPRM1']",0.18938756297596024
4.1,cluster_id,Exc L3-5 RORB TWIST2,93,0.2356902356902357,0.27450980392156865,0.15053763440860216,15473,37,79,14,2,"['TWIST2', 'CCDC168']","['TWIST2', 'CMAHP', 'CCDC168', 'ANTXR2', 'TNNT2', 'SLC38A11', 'RMST', 'SEMA3A', 'ANO3', 'SGCG']",0.3851381320294752
4.1,cluster_id,Exc L4-5 RORB FOLH1B,870,0.7104832104832105,0.8829516539440203,0.3988505747126437,14687,46,523,347,3,"['TRABD2A', 'MYBPC1', 'RBM20']","['FOLH1B', 'NPY2R', 'NOX4', 'TRABD2A', 'MYBPC1', 'RBM20', 'ARSJ', 'TLL1', 'RMST', 'SMYD2']",0.3154646212217312
4.1,cluster_id,Exc L4-6 RORB SEMA3E,777,0.6358668653750621,0.8284789644012945,0.32947232947232946,14773,53,521,256,2,"['RPRM', 'TRABD2A']","['RPRM', 'TRABD2A', 'MKX', 'RCSD1', 'SEMA3E', 'ARSJ', 'TLL1', 'LRRK1', 'RORB', 'RXFP1']",0.3813150623304735
4.1,cluster_id,Exc L4-5 RORB DAPK2,173,0.5623721881390593,0.6962025316455697,0.3179190751445087,15406,24,118,55,2,"['LINC01179', 'CCDC68']","['LINC01179', 'BARX2', 'CCDC68', 'CHI3L1', 'ATP10A', 'NPNT', 'TLL1', 'ADAMTSL1', 'ZBBX', 'PHACTR2']",0.6709678410802108
4.1,cluster_id,Exc L5-6 RORB TTC12,167,0.6631578947368421,0.8181818181818182,0.3772455089820359,15422,14,104,63,3,"['NPFFR2', 'LINC00320', 'TRIM22']","['ESAM', 'NPFFR2', 'LINC00320', 'ARHGAP15', 'TRIM22', 'ITGA11', 'TNNT2', 'TFEC', 'DACH1', 'VAV3']",0.3921369184690832
4.1,cluster_id,Exc L4-6 RORB C1R,160,0.4861111111111111,0.875,0.175,15439,4,132,28,3,"['PKD2L1', 'MEGF10', 'ARHGAP15']","['PKD2L1', 'LINC01141', 'MEGF10', 'ARHGAP15', 'HES1', 'ADAMTS16', 'TRIM22', 'ITGA11', 'TNNT2', 'TLL1']",0.22294683215559233
4.1,cluster_id,Exc L4-5 FEZF2 SCN4B,25,0.7792207792207793,0.9230769230769231,0.48,15577,1,13,12,3,"['POU3F1', 'CHST8', 'SEMA3D']","['POU3F1', 'ATP6V1C2', 'CHST8', 'SEMA3D', 'ANKRD34B', 'ERG', 'COL24A1', 'SULF2', 'RIT2', 'KCNN2']",0.8926960579716042
4.1,cluster_id,Exc L5-6 THEMIS DCSTAMP,53,0.5882352941176471,0.72,0.33962264150943394,15543,7,35,18,3,"['TNNT1', 'ABCC3', 'ITGA11']","['DCSTAMP', 'TNNT1', 'ANXA1', 'ABCC3', 'SMYD1', 'ITGA11', 'STPG2', 'GBE1', 'LTBP1', 'ATP10A']",0.5901505555248291
4.1,cluster_id,Exc L5-6 THEMIS CRABP1,147,0.801354401805869,0.9594594594594594,0.48299319727891155,15453,3,76,71,2,"['SNTB1', 'SMYD1']","['SNTB1', 'POSTN', 'THTPA', 'PPP1R1A', 'SMYD1', 'NTNG2', 'MCTP2', 'ERCC4', 'OLFML2B', 'TESC']",0.5752337171756299
4.1,cluster_id,Exc L5-6 THEMIS FGF10,78,0.5645161290322581,0.7777777777777778,0.2692307692307692,15519,6,57,21,3,"['SLCO2A1', 'GAS2L3', 'SMYD1']","['SLCO2A1', 'GAS2L3', 'SMYD1', 'THEMIS', 'MYOM2', 'ATP10A', 'NR4A2', 'LINC01579', 'CACHD1', 'ITGB8']",0.5570235244532483
4.1,cluster_id,Exc L4-6 FEZF2 IL26,344,0.8646112600536193,0.8989547038327527,0.75,15230,29,86,258,1,['IFNG-AS1'],"['IFNG-AS1', 'IL26', 'CD200R1L', 'DAPL1', 'SNORA35', 'CD36', 'ROBO3', 'LINC01507', 'ADAMTS12', 'NPSR1-AS1']",1.0
4.1,cluster_id,Exc L5-6 FEZF2 ABO,373,0.8617234468937875,0.9181494661921709,0.6916890080428955,15207,23,115,258,2,"['ADAMTSL1', 'SULF1']","['LGR6', 'ABCB1', 'SEMA3E', 'NRP1', 'ADAMTSL1', 'SULF1', 'COL24A1', 'MEIS2', 'ANKRD18A', 'TLE4']",0.12799426394899005
4.1,cluster_id,Exc L6 FEZF2 SCUBE1,52,0.6617647058823529,0.8571428571428571,0.34615384615384615,15548,3,34,18,2,"['SCUBE1', 'PIK3C2G']","['SCUBE1', 'PLCZ1', 'LINC01239', 'PIK3C2G', 'SLC15A5', 'ERG', 'CCBE1', 'VCAN', 'CPLX3', 'RNF220']",0.782370313642426
4.1,cluster_id,Exc L5-6 FEZF2 IL15,56,0.7598039215686274,0.8378378378378378,0.5535714285714286,15541,6,25,31,3,"['KRT17', 'ERG', 'NPNT']","['ATP8B4', 'MDFIC', 'TNIP3', 'KRT17', 'ERG', 'NPNT', 'NR4A2', 'CCBE1', 'RNF220', 'HCRTR2']",0.3156498268682718
4.1,cluster_id,Exc L6 FEZF2 OR2T8,19,0.6779661016949152,0.8,0.42105263157894735,15582,2,11,8,4,"['VWA2', 'SLITRK6', 'GAL3ST4', 'IGFBP3']","['CPZ', 'VWA2', 'SLITRK6', 'PCOLCE2', 'GAL3ST4', 'IGFBP3', 'OR51B5', 'SLC15A5', 'PALMD', 'SEMA3A']",0.7569824332866962
4.1,cluster_id,Exc L5-6 FEZF2 EFTUD1P1,314,0.8483033932135728,0.9883720930232558,0.5414012738853503,15287,2,144,170,2,"['NPFFR2', 'OLFML2B']","['LRAT', 'NPFFR2', 'SEMA3D', 'MDFIC', 'OLFML2B', 'NR4A2', 'ITGA1', 'SEMA3E', 'ENPP7P8', 'SEMA3C']",0.3956156070179685
4.1,cluster_id,OPC L1-6 PDGFRA,238,0.8651399491094147,0.9927007299270073,0.5714285714285714,15364,1,102,136,2,"['PRRX1', 'OLIG1']","['GPNMB', 'MROH9', 'PRRX1', 'OLIG1', 'STK32A', 'PDGFRA', 'VCAN', 'SEMA5A', 'EPN2', 'PCDH15']",0.8381190012382117
4.1,cluster_id,Astro L1-6 FGFR3 SLC14A1,230,0.8742004264392325,0.9265536723163842,0.7130434782608696,15360,13,66,164,2,"['RANBP3L', 'COL5A3']","['ETNPPL', 'GLI3', 'PRDM16', 'SLCO1C1', 'RANBP3L', 'COL5A3', 'FGFR3', 'ADGRV1', 'SLC1A3', 'HPSE2']",0.5395015808602628
4.1,cluster_id,Astro L1-2 FGFR3 GFAP,61,0.7575757575757576,0.9615384615384616,0.4098360655737705,15541,1,36,25,2,"['ID3', 'MT1F']","['ID3', 'GFAP', 'SERPINI2', 'WDR49', 'MT1F', 'SLC16A9', 'PHYHD1', 'TJP2', 'ID4', 'DBI']",1.0
4.1,cluster_id,Oligo L1-6 OPALIN,313,0.9478324761204996,0.9847328244274809,0.8242811501597445,15286,4,55,258,2,"['ENPP2', 'PLP1']","['CARNS1', 'CNDP1', 'MOG', 'CERCAM', 'ENPP2', 'PLP1', 'ST18', 'MOBP', 'TMEM144', 'RNF220']",0.993114042225334
4.1,cluster_id,Endo L2-6 NOSTRIN,9,0.8,1.0,0.4444444444444444,15594,0,5,4,1,['EPAS1'],"['EPAS1', 'COL1A2', 'FLVCR2', 'EMCN', 'ITIH5', 'EGFL7', 'FLT1', 'ABCB1', 'COLEC12', 'ARHGAP29']",1.0
4.1,cluster_id,Micro L1-6 TYROBP,63,0.9205020920502092,1.0,0.6984126984126984,15540,0,19,44,2,"['CSF1R', 'APBB1IP']","['CD74', 'CX3CR1', 'CSF1R', 'C3', 'IKZF1', 'APBB1IP', 'LPAR6', 'TBXAS1', 'ADAM28', 'DOCK8']",0.9994764101144188
