clusterName,binary_genes,rf_feature_importance,cluster_median,binary_score
Age-associated B cells,ENSG00000160856,0.04601169072013347,1.3196149,1.0
Age-associated B cells,ENSG00000184293,0.018188708083383538,0.62936795,1.0
Age-associated B cells,ENSG00000161929,0.01696025958871989,0.96536726,0.9809526137330316
Age-associated B cells,ENSG00000137101,0.014985322642114256,1.2168176,0.9772727272727273
Age-associated B cells,ENSG00000132185,0.014833887383691013,1.232083,0.9772727272727273
Age-associated B cells,ENSG00000240505,0.01573848334089321,0.45308918,0.9772727272727273
Age-associated B cells,ENSG00000143297,0.040649609413265876,1.7383995,0.9738063581965186
Age-associated B cells,ENSG00000156738,0.04559471652947909,3.1566653,0.9630564559589733
Age-associated B cells,ENSG00000153064,0.015219137067401948,2.0670288,0.9566049860282377
Age-associated B cells,ENSG00000070190,0.016942328723166356,1.0482092,0.9294141178781335
CD16+ NK cells,ENSG00000159674,0.05867027397431404,2.2448308,0.972675463015383
CD16+ NK cells,ENSG00000137441,0.03111981244590668,2.3099985,0.9655078405683691
CD16+ NK cells,ENSG00000150045,0.053605710214717446,1.796777,0.9620367031205784
CD16+ NK cells,ENSG00000115523,0.09440784707395887,4.596244,0.9557785567912188
CD16+ NK cells,ENSG00000074966,0.029311900745549672,1.2761012,0.9537956294688311
CD16+ NK cells,ENSG00000169583,0.03579328052210594,1.8674784,0.9488655829971487
CD16+ NK cells,ENSG00000100453,0.07151200352258423,3.1982622,0.9409030716527592
CD16+ NK cells,ENSG00000180644,0.05266823155270907,2.818704,0.9315945722840049
CD16+ NK cells,ENSG00000134539,0.02459358948425337,2.6016486,0.9220971844413064
CD16+ NK cells,ENSG00000111796,0.026930281923194924,2.070654,0.9190143631263212
CD16- NK cells,ENSG00000143184,0.042351497382693816,1.7382085,1.0
CD16- NK cells,ENSG00000117281,0.02076179289258039,1.3137181,1.0
CD16- NK cells,ENSG00000134545,0.015421074050309264,1.39203,1.0
CD16- NK cells,ENSG00000196781,0.02001110861191943,1.1404307,0.9815837930549275
CD16- NK cells,ENSG00000100385,0.031126830375654467,2.083293,0.9759824208237908
CD16- NK cells,ENSG00000113088,0.06122316704145644,2.0148115,0.9318682795221155
CD16- NK cells,ENSG00000187118,0.029639732933183238,2.4915972,0.9253619367426092
CD16- NK cells,ENSG00000006652,0.03346651688222126,1.8067077,0.9253212145783685
CD16- NK cells,ENSG00000180644,0.01552096454668413,1.7603784,0.8989519856192849
CD16- NK cells,ENSG00000173762,0.01843127447582962,3.0725317,0.8854783204468814
CD24 neutrophils,ENSG00000118113,0.06413573144625204,3.944448,1.0
CD24 neutrophils,ENSG00000012223,0.055800679907825466,4.3470283,1.0
CD24 neutrophils,ENSG00000148346,0.04292028717810802,3.3663309,1.0
CD24 neutrophils,ENSG00000096006,0.04058904490253595,2.7212627,1.0
CD24 neutrophils,ENSG00000102837,0.04172968669236734,3.7793877,1.0
CD24 neutrophils,ENSG00000134827,0.018330762041600373,1.2982173,1.0
CD24 neutrophils,ENSG00000124469,0.019523776857904733,1.6554611,1.0
CD24 neutrophils,ENSG00000008438,0.058995368646815566,3.1916575,0.9901725229891863
CD24 neutrophils,ENSG00000138772,0.02006149755921647,2.1509495,0.9838238168846477
CD24 neutrophils,ENSG00000186529,0.025864342107193353,2.1683831,0.9836744503541426
CMP,ENSG00000136379,0.008024225282056617,0.38042003,1.0
CMP,ENSG00000115457,0.0069068050033718595,0.35319722,1.0
CMP,ENSG00000163751,0.02063719815507757,0.87582475,0.9538180448792197
CMP,ENSG00000100448,0.012938819176913492,1.2342594,0.9318181818181818
CMP,ENSG00000005381,0.0188397423138425,3.9136047,0.9283452792601152
CMP,ENSG00000245848,0.007452991034539685,0.7221375,0.9262079298496246
CMP,ENSG00000128040,0.009975398037026902,1.5016093,0.9076448340307582
CMP,ENSG00000008394,0.007092080515503479,1.3865769,0.9022775807163932
CMP,ENSG00000128322,0.02204868152369419,2.6568136,0.8963436701081016
CMP,ENSG00000124882,0.007049085796206152,1.6136919,0.8861402828585018
CRTAM+ gamma-delta T cells,ENSG00000205810,0.06349623592985042,1.0506213,1.0
CRTAM+ gamma-delta T cells,ENSG00000227191,0.026427754015686974,1.3440304,0.9772727272727273
CRTAM+ gamma-delta T cells,ENSG00000143185,0.01758296900993745,1.325674,0.9616135927763853
CRTAM+ gamma-delta T cells,ENSG00000113088,0.03133248401087232,2.206283,0.935808689756827
CRTAM+ gamma-delta T cells,ENSG00000115523,0.022275164278353406,1.1192989,0.9318181818181818
CRTAM+ gamma-delta T cells,ENSG00000130844,0.018530780212968643,1.2676016,0.9269769029183821
CRTAM+ gamma-delta T cells,ENSG00000090104,0.015370943957862348,1.5506874,0.9206584962931547
CRTAM+ gamma-delta T cells,ENSG00000187118,0.0322158423273753,2.1294396,0.9126681116494265
CRTAM+ gamma-delta T cells,ENSG00000134539,0.019542323912578447,2.2316105,0.9119755395434119
CRTAM+ gamma-delta T cells,ENSG00000008517,0.015435881981011248,2.9008002,0.8392016020688143
Classical monocytes,ENSG00000125810,0.024546008318690273,0.94644785,0.9884079586375843
Classical monocytes,ENSG00000038427,0.10067312729582767,3.3105283,0.9883357096802105
Classical monocytes,ENSG00000170458,0.0513133819994922,1.8028873,0.9853535443544388
Classical monocytes,ENSG00000204103,0.018699167518289168,1.179972,0.9772727272727273
Classical monocytes,ENSG00000137801,0.018626547947351375,1.4296634,0.9767528149214658
Classical monocytes,ENSG00000178695,0.01847746129596656,1.3447642,0.9567609402266416
Classical monocytes,ENSG00000085265,0.03395208622202731,2.6259558,0.942337687719952
Classical monocytes,ENSG00000216490,0.03767134393775845,2.238069,0.9270777824250135
Classical monocytes,ENSG00000110077,0.03436890828232303,1.7969868,0.9254327389326963
Classical monocytes,ENSG00000143546,0.035512071566041754,5.5940948,0.9221601770682768
Cycling T&NK,ENSG00000171848,0.014411425712873346,1.5143619,0.9635106907649473
Cycling T&NK,ENSG00000137804,0.017107505551030345,1.771883,0.9557972685857252
Cycling T&NK,ENSG00000115523,0.013270621696004644,4.2650213,0.952344307845289
Cycling T&NK,ENSG00000100453,0.01492135220305306,2.9572148,0.9379385222088207
Cycling T&NK,ENSG00000148773,0.011899422786586355,2.0885806,0.9373438398946415
Cycling T&NK,ENSG00000180644,0.015652622090617224,2.4173822,0.9202382469719107
Cycling T&NK,ENSG00000134539,0.012028376212553309,1.956367,0.9090909090909091
Cycling T&NK,ENSG00000145649,0.016231331110658023,2.8399096,0.8859396170486104
Cycling T&NK,ENSG00000113810,0.012430867735960117,1.9762213,0.8794585087082603
Cycling T&NK,ENSG00000198821,0.016214828154976532,2.1385791,0.8579961291768334
DC1,ENSG00000197992,0.04802378424978613,1.586126,1.0
DC1,ENSG00000118292,0.03772920670621801,1.8733363,1.0
DC1,ENSG00000123685,0.033890996594803026,1.246227,1.0
DC1,ENSG00000131203,0.02771875896026417,1.3562034,1.0
DC1,ENSG00000100079,0.0184650985586204,1.9800489,1.0
DC1,ENSG00000131400,0.018776720056356784,0.92297244,1.0
DC1,ENSG00000173578,0.022286019441583555,0.4739445,1.0
DC1,ENSG00000110092,0.014723815765476414,0.7393487,1.0
DC1,ENSG00000128815,0.017308791548182625,1.5992234,0.9909110502763228
DC1,ENSG00000106066,0.028715106148435858,2.6844978,0.9512336430224505
DC2,ENSG00000158481,0.040764595112948554,1.0484799,1.0
DC2,ENSG00000168913,0.033194053291419036,0.44882846,1.0
DC2,ENSG00000135549,0.028546952858220422,0.42938218,1.0
DC2,ENSG00000100373,0.008751089526070358,0.40700436,1.0
DC2,ENSG00000131724,0.008326053305871668,0.9553474,0.9926338642835617
DC2,ENSG00000165795,0.01238567265676719,0.40529853,0.9772727272727273
DC2,ENSG00000151651,0.007600015220581845,0.65243834,0.9772727272727273
DC2,ENSG00000179583,0.01372469251811157,1.0333433,0.9580544490705837
DC2,ENSG00000160593,0.008973827814096851,1.4612298,0.9443057910962538
DC2,ENSG00000139626,0.008458045180034736,0.69289726,0.9321764734658328
DC precursor,ENSG00000014914,0.005463646467283023,0.3673911,1.0
DC precursor,ENSG00000176076,0.006999520474440412,0.54520893,0.9772727272727273
DC precursor,ENSG00000196141,0.005420050797867245,0.5315009,0.9609183723276312
DC precursor,ENSG00000184640,0.005529640749412827,0.56281126,0.93575557930903
DC precursor,ENSG00000179583,0.006289382610590554,0.63192594,0.9345483888279308
DC precursor,ENSG00000126759,0.006554480221767552,0.76592547,0.9318181818181818
DC precursor,ENSG00000111275,0.009417105168725699,1.2518773,0.9178986237807707
DC precursor,ENSG00000166428,0.010476898053248281,1.3215089,0.9136157442222942
DC precursor,ENSG00000139626,0.005640975066519433,0.49426895,0.9101520397446372
DC precursor,ENSG00000182718,0.007179843252962856,2.1606088,0.8514706654982134
ELP,ENSG00000172260,0.01378003645853434,0.541066,1.0
ELP,ENSG00000069188,0.0070629209021847135,0.40589738,1.0
ELP,ENSG00000132744,0.022237777407121694,0.6037963,0.9772727272727273
ELP,ENSG00000107447,0.012918846102211277,2.3989072,0.972823599522764
ELP,ENSG00000169575,0.007453895861707894,1.0976231,0.9545454545454546
ELP,ENSG00000128040,0.022561780106859212,2.4871984,0.9303881255063143
ELP,ENSG00000124813,0.012367977301863127,0.7142489,0.9234039133245294
ELP,ENSG00000122025,0.008739036565049417,0.94183505,0.9199018275195902
ELP,ENSG00000182557,0.016285291875101963,1.2084694,0.896992568265308
ELP,ENSG00000095932,0.009821646932924272,1.5994753,0.8871299746361646
ETP,ENSG00000132744,0.12185028377354594,1.6736921,0.9918009747158397
ETP,ENSG00000134324,0.011756562796185678,0.6644371,0.9843591492284428
ETP,ENSG00000167799,0.01870954771124286,0.37225226,0.9772727272727273
ETP,ENSG00000100055,0.01156937145808497,0.6463243,0.9497741189869967
ETP,ENSG00000124813,0.012335553273643659,0.94093573,0.935731206427921
ETP,ENSG00000128040,0.04064201665955002,2.5397725,0.9318291152065451
ETP,ENSG00000132465,0.012380187226960899,1.7278533,0.8812630908055739
ETP,ENSG00000171476,0.01128566133684664,1.2365733,0.8523566451939669
ETP,ENSG00000102804,0.010974729314888765,1.1231337,0.8370134681463242
ETP,ENSG00000020633,0.012477368420231132,0.5772811,0.8181818181818182
Early MK,ENSG00000110799,0.020426649957500657,0.76518774,1.0
Early MK,ENSG00000103175,0.010572637987750223,0.5224216,1.0
Early MK,ENSG00000137825,0.010775835997327217,0.37100902,1.0
Early MK,ENSG00000184500,0.010514129509390967,0.38813215,1.0
Early MK,ENSG00000049323,0.018065430256837562,1.3009902,0.9976077391342684
Early MK,ENSG00000070214,0.009095287531775284,1.5828817,0.9780744002623991
Early MK,ENSG00000166091,0.014289412474222917,0.7464688,0.9772727272727273
Early MK,ENSG00000108839,0.010577778618031735,0.28461418,0.9772727272727273
Early MK,ENSG00000169704,0.012516093720827853,0.71032155,0.9772727272727273
Early MK,ENSG00000259207,0.013098289863108785,0.34221599,0.9772727272727273
Early erythroid,ENSG00000154639,0.010724134028599352,0.2230486,0.9890745675021951
Early erythroid,ENSG00000130203,0.013885990265422267,0.87060636,0.9828362586823377
Early erythroid,ENSG00000130208,0.027846140331314696,1.8794574,0.9579336467114362
Early erythroid,ENSG00000119888,0.009590627555258347,0.44745007,0.9555287550796162
Early erythroid,ENSG00000168754,0.022155768961818225,1.2285254,0.9545454545454546
Early erythroid,ENSG00000055118,0.014536781561671193,0.8531306,0.9545454545454546
Early erythroid,ENSG00000119865,0.01744451914271016,0.980392,0.9373832683671605
Early erythroid,ENSG00000133742,0.01187786302204142,1.872896,0.9318181818181818
Early erythroid,ENSG00000005961,0.01998720706728511,0.72546023,0.9318181818181818
Early erythroid,ENSG00000029534,0.009884673088669338,0.6376245,0.9175993610512126
Erythrocytes,ENSG00000189316,0.008864817442213848,0.23631312,1.0
Erythrocytes,ENSG00000253154,0.006210178224761436,0.34286612,1.0
Erythrocytes,ENSG00000196632,0.003341651236287806,0.58650076,1.0
Erythrocytes,ENSG00000269600,0.0029845620270383694,0.18781622,1.0
Erythrocytes,ENSG00000124440,0.002949828206288642,0.08191009,1.0
Erythrocytes,ENSG00000213088,0.0023261830922376306,0.048939742,1.0
Erythrocytes,ENSG00000244313,0.0021278976539915455,1.1051784,0.999779695814306
Erythrocytes,ENSG00000130208,0.0027385642634891534,1.8883163,0.9581309976902875
Erythrocytes,ENSG00000143416,0.002283536079088743,0.4675339,0.9545454545454546
Erythrocytes,ENSG00000250361,0.004023408275505096,0.19141734,0.9545454545454546
Follicular helper T cells,ENSG00000102245,0.023872033013803896,0.8614398,1.0
Follicular helper T cells,ENSG00000109452,0.017826278937992695,1.0994887,0.9751531508835879
Follicular helper T cells,ENSG00000134352,0.026251841327353857,1.1684659,0.9643670144406232
Follicular helper T cells,ENSG00000185338,0.015915626671132742,1.1296176,0.9522148411382328
Follicular helper T cells,ENSG00000122417,0.014060541946496252,0.92938507,0.9483001706275073
Follicular helper T cells,ENSG00000111796,0.014658816388041822,1.343992,0.8998036140745337
Follicular helper T cells,ENSG00000184557,0.01881192898636711,1.0782121,0.8870641873641447
Follicular helper T cells,ENSG00000168685,0.019963418017441004,3.2268481,0.8830988840623335
Follicular helper T cells,ENSG00000171522,0.013539727631447292,1.2984604,0.8683633235367861
Follicular helper T cells,ENSG00000164442,0.017022570810557056,1.1398103,0.8485397086902098
GMP,ENSG00000176076,0.01712548969576955,0.740954,0.9832768128676848
GMP,ENSG00000124491,0.005869311920790313,0.41465488,0.9772727272727273
GMP,ENSG00000100448,0.013133050801378826,1.8751521,0.943671162832867
GMP,ENSG00000005381,0.018919537049525738,4.2220206,0.9302751340649345
GMP,ENSG00000008394,0.0050393896143700505,1.4072032,0.903709964318709
GMP,ENSG00000166428,0.01199529746266014,0.99122465,0.8999776257710024
GMP,ENSG00000112799,0.005446078023723592,0.835845,0.8990121348337694
GMP,ENSG00000102524,0.0065409037847090346,1.312253,0.8831664567643945
GMP,ENSG00000169385,0.004884035449901208,1.2994381,0.8600668094374917
GMP,ENSG00000121552,0.008050445972156305,1.4609755,0.8500372645529833
HSC/MPP,ENSG00000101200,0.1277845043682419,1.7583613,1.0
HSC/MPP,ENSG00000133169,0.03769259066698305,0.6278442,1.0
HSC/MPP,ENSG00000110492,0.023947351187294266,0.58393717,1.0
HSC/MPP,ENSG00000107281,0.024014595665094476,0.7332809,0.982836743647402
HSC/MPP,ENSG00000145708,0.06491156052105591,0.64727724,0.9816035682504828
HSC/MPP,ENSG00000164929,0.015070594686838006,0.41620442,0.9772727272727273
HSC/MPP,ENSG00000003436,0.015317632823324238,0.57379115,0.9691623462872072
HSC/MPP,ENSG00000113389,0.04202062678332881,0.67929107,0.938663670962507
HSC/MPP,ENSG00000174099,0.01683990173333907,0.74782896,0.9275974252007224
HSC/MPP,ENSG00000174059,0.028150231776547397,0.76212484,0.9272241362116553
Late erythroid,ENSG00000133069,0.07092145470730601,2.4680264,1.0
Late erythroid,ENSG00000243064,0.037483971533912586,1.1284099,1.0
Late erythroid,ENSG00000004939,0.02936085416420078,3.5272586,1.0
Late erythroid,ENSG00000130227,0.04541546358027736,2.663978,0.998855403878472
Late erythroid,ENSG00000188536,0.0333311394953352,7.1295676,0.9942369826815345
Late erythroid,ENSG00000117394,0.014867228959005788,2.575771,0.9936615621501749
Late erythroid,ENSG00000008441,0.01495975937762983,1.9619246,0.9936401383443312
Late erythroid,ENSG00000158578,0.02056964454623473,3.147665,0.986815642226826
Late erythroid,ENSG00000206172,0.05665167173667715,6.7704263,0.9864137064326893
Late erythroid,ENSG00000163554,0.014407369647961,2.6738229,0.9813021976839412
MAIT cells,ENSG00000178607,0.017128776704511347,1.2040958,0.9775192696939815
MAIT cells,ENSG00000168234,0.013923874641953285,1.0096881,0.976183758540587
MAIT cells,ENSG00000122417,0.015332379163855192,1.1014206,0.9563753862272609
MAIT cells,ENSG00000111796,0.12753727703733383,3.0637743,0.9421800009228967
MAIT cells,ENSG00000139187,0.018553808272353048,1.472976,0.940297469496727
MAIT cells,ENSG00000113088,0.0351575605807285,2.0103703,0.9318181818181818
MAIT cells,ENSG00000107742,0.0253147321274987,1.7065823,0.9176563430916179
MAIT cells,ENSG00000069667,0.013371169574508467,1.5115111,0.9124983088536696
MAIT cells,ENSG00000168685,0.07044368355127542,3.630024,0.895522416992621
MAIT cells,ENSG00000151883,0.013746721338458938,1.6591547,0.8485371985218741
MEMP,ENSG00000125538,0.014145915056913275,1.1091626,0.9705454138192263
MEMP,ENSG00000005961,0.017081961473684175,1.0738615,0.939191768115217
MEMP,ENSG00000119865,0.011139912609483549,0.9410032,0.9357135634530674
MEMP,ENSG00000163751,0.006161627178248245,0.2466639,0.9318181818181818
MEMP,ENSG00000187699,0.006838361311771849,0.49797785,0.9315508265386928
MEMP,ENSG00000168734,0.014016073671475405,1.0978743,0.9299539815295826
MEMP,ENSG00000179348,0.012464584711170443,1.0596542,0.9229411672462117
MEMP,ENSG00000104341,0.006176572760577103,0.8858911,0.9144098487767306
MEMP,ENSG00000170891,0.006420953293274825,1.3026342,0.8995857360688123
MEMP,ENSG00000132792,0.008253911560011715,1.175401,0.8994789773767645
Mast cells,ENSG00000140287,0.16590209635239347,2.4676557,1.0
Mast cells,ENSG00000105205,0.1520713402601947,4.613707,1.0
Mast cells,ENSG00000149534,0.08672404466316538,1.3863131,1.0
Mast cells,ENSG00000186652,0.05240093291561103,0.56351125,1.0
Mast cells,ENSG00000163106,0.014191486444823338,0.36268115,1.0
Mast cells,ENSG00000187609,0.015144554623404362,0.72205,1.0
Mast cells,ENSG00000182240,0.017518305788850764,0.4320196,1.0
Mast cells,ENSG00000163751,0.05284420613241965,1.6741616,0.9758402651006525
Mast cells,ENSG00000100368,0.01862061758764796,1.2653688,0.9649924662980166
Mast cells,ENSG00000179348,0.06758068371588395,2.160263,0.9573506157506596
Megakaryocyte precursor,ENSG00000184226,0.010356813250747833,0.64254147,0.9677361629225991
Megakaryocyte precursor,ENSG00000185630,0.015093452067385434,0.6927474,0.9673759530891072
Megakaryocyte precursor,ENSG00000144893,0.011026795662580427,0.650241,0.965564176440239
Megakaryocyte precursor,ENSG00000163751,0.016170086166526335,0.6571925,0.9460152333432977
Megakaryocyte precursor,ENSG00000179348,0.016569612863762816,1.2077779,0.926817162470384
Megakaryocyte precursor,ENSG00000186998,0.009600748446752613,0.74465054,0.9258443929932334
Megakaryocyte precursor,ENSG00000180354,0.009271330408579845,0.76128775,0.9199698039076545
Megakaryocyte precursor,ENSG00000168734,0.008998493222865441,0.8315381,0.9076769595796411
Megakaryocyte precursor,ENSG00000103381,0.02232561740232942,0.8100978,0.9065136923031374
Megakaryocyte precursor,ENSG00000120594,0.010284064499874238,0.7001194,0.8980871615084735
Megakaryocytes/platelets,ENSG00000101162,0.0551162246257921,4.445422,1.0
Megakaryocytes/platelets,ENSG00000101335,0.04244263996058663,3.5005503,1.0
Megakaryocytes/platelets,ENSG00000088726,0.033217248073828226,2.476969,1.0
Megakaryocytes/platelets,ENSG00000109272,0.021189054878232073,2.2779405,1.0
Megakaryocytes/platelets,ENSG00000161911,0.018174201286031467,2.5927167,1.0
Megakaryocytes/platelets,ENSG00000127920,0.02348429852222329,3.341547,1.0
Megakaryocytes/platelets,ENSG00000163736,0.07951196288837305,6.032878,0.999631782824343
Megakaryocytes/platelets,ENSG00000259207,0.02484057050530871,2.4694111,0.9968504092910073
Megakaryocytes/platelets,ENSG00000169704,0.07305133721374489,3.927633,0.9958897205916318
Megakaryocytes/platelets,ENSG00000163737,0.04229536964150822,4.7062736,0.9949714053760875
Memory B cells,ENSG00000138639,0.02331033686280777,1.0483897,0.9784171852198514
Memory B cells,ENSG00000159958,0.030869240744081917,1.2129843,0.9590048126199029
Memory B cells,ENSG00000082438,0.02000584893543552,0.5325293,0.9567397724498402
Memory B cells,ENSG00000153064,0.08812847095562733,2.0141776,0.955466319214214
Memory B cells,ENSG00000247982,0.04023396992822306,1.2553583,0.9553366276350889
Memory B cells,ENSG00000156738,0.10714084901892658,2.5695772,0.9546157230030407
Memory B cells,ENSG00000272398,0.01831873249323735,0.95032346,0.9545454545454546
Memory B cells,ENSG00000116191,0.034101449342137276,1.6511346,0.9451153075153177
Memory B cells,ENSG00000110777,0.019816288307853893,0.90832543,0.9318181818181818
Memory B cells,ENSG00000277443,0.027035667857657184,0.99296856,0.9163130887530067
Mid erythroid,ENSG00000128274,0.011599050808312564,0.27416217,0.9841204393993724
Mid erythroid,ENSG00000170180,0.012963333137247133,0.18526685,0.9772727272727273
Mid erythroid,ENSG00000075340,0.012051029770672845,0.8122553,0.972684077241204
Mid erythroid,ENSG00000055118,0.02075990400452344,1.6762902,0.9721380932764574
Mid erythroid,ENSG00000198336,0.015674998055853668,1.0295681,0.9717524038119749
Mid erythroid,ENSG00000206172,0.01300446675412036,2.304081,0.9600773534991525
Mid erythroid,ENSG00000158578,0.014271994854490908,0.9881052,0.9580004879019477
Mid erythroid,ENSG00000166947,0.014644705222598055,0.5340641,0.9545454545454546
Mid erythroid,ENSG00000169877,0.04240290377213804,3.3274546,0.9526056809858843
Mid erythroid,ENSG00000112077,0.011600964483713512,1.1593168,0.9489184428345073
NAMPT neutrophils,ENSG00000162551,0.04283353986796514,1.9039943,1.0
NAMPT neutrophils,ENSG00000112303,0.03810022850701383,2.7562017,1.0
NAMPT neutrophils,ENSG00000103569,0.026049785103452332,2.2460892,1.0
NAMPT neutrophils,ENSG00000224397,0.009897490670377554,1.1684645,1.0
NAMPT neutrophils,ENSG00000140932,0.02141372094371488,1.9830008,1.0
NAMPT neutrophils,ENSG00000180871,0.023156021748359464,1.7927324,1.0
NAMPT neutrophils,ENSG00000162747,0.05291002789603468,3.1815891,0.9907034716822885
NAMPT neutrophils,ENSG00000151726,0.014512596631031003,3.2323847,0.9740671014243906
NAMPT neutrophils,ENSG00000196549,0.016914306611786566,2.1966558,0.9691900339993563
NAMPT neutrophils,ENSG00000119535,0.030459638516202137,3.3194726,0.9455379383130507
Naive B cells,ENSG00000104921,0.1287956415151016,1.487458,1.0
Naive B cells,ENSG00000163534,0.02513511677339876,0.9107172,1.0
Naive B cells,ENSG00000122986,0.018686262097978624,1.2885245,0.9858504357663068
Naive B cells,ENSG00000100721,0.2809094218131706,2.25419,0.9772727272727273
Naive B cells,ENSG00000112182,0.027448790559847575,1.1677942,0.9772727272727273
Naive B cells,ENSG00000247982,0.0714026740417131,1.7894715,0.9686675451018594
Naive B cells,ENSG00000012124,0.021336144335612275,1.0960853,0.9652428518642079
Naive B cells,ENSG00000159958,0.01562155313953532,1.2114917,0.9589543044567108
Naive B cells,ENSG00000156738,0.08019911018724382,2.5616326,0.9545454545454546
Naive B cells,ENSG00000153064,0.024565497607690147,1.5553873,0.9490341151302512
Neutrophil-myeloid progenitor,ENSG00000169397,0.022085072696790976,0.42391276,0.9431144419041547
Neutrophil-myeloid progenitor,ENSG00000100448,0.058558344977013815,1.8329685,0.942374821413647
Neutrophil-myeloid progenitor,ENSG00000005381,0.07566287761263506,4.219058,0.9302421320568431
Neutrophil-myeloid progenitor,ENSG00000008394,0.013285549744093806,1.2592893,0.8946971514008262
Neutrophil-myeloid progenitor,ENSG00000105472,0.031983694845376665,1.8577896,0.8676353991031647
Neutrophil-myeloid progenitor,ENSG00000169385,0.018244929872185334,1.4424062,0.864925967021422
Neutrophil-myeloid progenitor,ENSG00000128322,0.008226219978209224,0.99343246,0.8613949011672627
Neutrophil-myeloid progenitor,ENSG00000185198,0.04329621999902783,2.2192125,0.8278606073422865
Neutrophil-myeloid progenitor,ENSG00000182557,0.008342831889573316,0.54368067,0.8260775587775491
Neutrophil-myeloid progenitor,ENSG00000095932,0.009896823264834567,0.8365133,0.8208027725869959
Neutrophils,ENSG00000131018,0.09786952453238533,2.083239,0.9132968973029744
Neutrophils,ENSG00000210082,0.08217561016302248,4.4042654,0.8885944417931817
Neutrophils,ENSG00000211459,0.06380234548826806,2.037841,0.8863636363636364
Neutrophils,ENSG00000137642,0.06999189693107463,1.4072249,0.8803092336112802
Neutrophils,ENSG00000163162,0.07071140815115677,1.2495651,0.8720568946816705
Neutrophils,ENSG00000143546,0.05893789281818345,1.8114954,0.8689642684026198
Neutrophils,ENSG00000163220,0.07049306321794728,2.0593064,0.8540834283286874
Neutrophils,ENSG00000054654,0.10827567176047623,1.93578,0.823246493935585
Neutrophils,ENSG00000151883,0.07105459200890457,0.7955215,0.7642805440859362
Neutrophils,ENSG00000077984,0.09073036995013033,1.3952199,0.7592424777421084
Non-classical monocytes,ENSG00000085514,0.023982394269653526,1.5330753,1.0
Non-classical monocytes,ENSG00000148737,0.01686762568185216,0.8939098,1.0
Non-classical monocytes,ENSG00000166927,0.04832741362879489,2.3530657,0.9980716380206022
Non-classical monocytes,ENSG00000182578,0.03265941331110857,1.4574265,0.9902114407582716
Non-classical monocytes,ENSG00000161921,0.021675774349042106,1.380547,0.9772727272727273
Non-classical monocytes,ENSG00000142089,0.05361687256880845,3.1878762,0.9619723111391068
Non-classical monocytes,ENSG00000216490,0.016940881905487346,3.445879,0.952637639912692
Non-classical monocytes,ENSG00000203747,0.05284381924939716,2.7187552,0.947918018156832
Non-classical monocytes,ENSG00000102265,0.042353971355013606,3.1250854,0.887129239060662
Non-classical monocytes,ENSG00000158869,0.02404099582418053,3.3502302,0.8335260464386507
Plasma cells,ENSG00000061656,0.059077388455473626,1.5028833,1.0
Plasma cells,ENSG00000167476,0.01713590685849885,0.13650426,1.0
Plasma cells,ENSG00000115884,0.08108861432327648,1.2535611,0.9963167147202925
Plasma cells,ENSG00000048462,0.03432023966819897,0.97986674,0.9772727272727273
Plasma cells,ENSG00000099958,0.047374277555212195,2.2345996,0.9691681970249523
Plasma cells,ENSG00000143297,0.031139728913010978,1.348623,0.9662359221415087
Plasma cells,ENSG00000211677,0.013129153846782026,0.7639733,0.9433879960667003
Plasma cells,ENSG00000134285,0.03231183584422113,2.5569973,0.9355722733519294
Plasma cells,ENSG00000110777,0.015386829484654765,1.0763621,0.9353662593798204
Plasma cells,ENSG00000123131,0.06684746828008747,2.463677,0.9254546653140675
Plasmablasts,ENSG00000239264,0.026282342819747423,2.8257155,0.9850054356184873
Plasmablasts,ENSG00000171241,0.011186204921699042,0.79445034,0.9838372875343669
Plasmablasts,ENSG00000048462,0.010981495055247762,1.1879737,0.9812540479681708
Plasmablasts,ENSG00000240505,0.00775237911754099,0.45449272,0.9773429130966013
Plasmablasts,ENSG00000101057,0.019443472953026838,1.489079,0.9752420661124316
Plasmablasts,ENSG00000171848,0.014544413903082611,1.4360605,0.9615211053328081
Plasmablasts,ENSG00000110777,0.009453034111856237,1.541655,0.9530408341776241
Plasmablasts,ENSG00000132465,0.011769563677244953,3.6415033,0.9359671053561297
Plasmablasts,ENSG00000166562,0.008817231637265506,2.4836032,0.921757466413758
Plasmablasts,ENSG00000089685,0.007481233896585163,0.84842706,0.9206479679454457
Pro-B cells,ENSG00000161544,0.061953030769428805,1.0065377,1.0
Pro-B cells,ENSG00000107447,0.18417307720342105,3.5232599,0.9814962108026851
Pro-B cells,ENSG00000164330,0.04198913658030893,0.93898714,0.9772727272727273
Pro-B cells,ENSG00000169575,0.13082213972194467,2.3211908,0.9719592617316679
Pro-B cells,ENSG00000147905,0.017997656202841696,1.5390024,0.9620957347479734
Pro-B cells,ENSG00000276043,0.015672277748710217,0.96041214,0.9564006965268742
Pro-B cells,ENSG00000196549,0.061000925154481425,1.4110979,0.9545454545454546
Pro-B cells,ENSG00000128218,0.02864907604007047,1.283315,0.9423051909966902
Pro-B cells,ENSG00000128322,0.08739865254038477,3.5677073,0.9228088151324879
Pro-B cells,ENSG00000007312,0.016837718738495495,1.5087613,0.890508315779946
Promyelocytes,ENSG00000169397,0.005946306104389157,0.4000265,0.9397646202282472
Promyelocytes,ENSG00000100448,0.017653061770069114,1.5802782,0.93679456141862
Promyelocytes,ENSG00000005381,0.02819201361164147,4.288154,0.9313504546880722
Promyelocytes,ENSG00000110077,0.005952164940229638,1.4475462,0.9129184606400403
Promyelocytes,ENSG00000169385,0.0077564245285592125,1.9878025,0.8991858092221346
Promyelocytes,ENSG00000143546,0.009106640460776852,2.6870482,0.8871233991601251
Promyelocytes,ENSG00000124882,0.013173942790064704,1.4553277,0.8762235370549288
Promyelocytes,ENSG00000163220,0.010993965793557471,2.8045993,0.8708536083048041
Promyelocytes,ENSG00000121552,0.007703928899585178,1.5789467,0.8598742972720753
Promyelocytes,ENSG00000090382,0.022813824034568175,5.2641153,0.8595567047595978
Regulatory T cells,ENSG00000163599,0.06776520767615608,1.0213675,1.0
Regulatory T cells,ENSG00000138795,0.01758692069299778,1.0227368,0.9545454545454546
Regulatory T cells,ENSG00000165272,0.015497385322268081,0.4469852,0.9545454545454546
Regulatory T cells,ENSG00000139193,0.019655232891945713,1.1886349,0.9304017140106722
Regulatory T cells,ENSG00000172725,0.014114061371518891,0.8717212,0.9259768128395081
Regulatory T cells,ENSG00000090104,0.02290290585180633,1.4917163,0.9175219332629984
Regulatory T cells,ENSG00000117602,0.01639933153112857,1.0229924,0.9168291037732904
Regulatory T cells,ENSG00000163346,0.015690349027779233,1.0646062,0.9115232540802523
Regulatory T cells,ENSG00000277734,0.020028846038895286,2.0924172,0.8700657337903976
Regulatory T cells,ENSG00000008517,0.02839552477656075,3.2043357,0.853299926627766
Small pre-B cells,ENSG00000152785,0.04217012461927655,1.1660821,1.0
Small pre-B cells,ENSG00000135144,0.041744613316050755,1.9296778,1.0
Small pre-B cells,ENSG00000163697,0.020258648385098468,1.1803014,1.0
Small pre-B cells,ENSG00000132640,0.01646095120429284,1.4493952,1.0
Small pre-B cells,ENSG00000107902,0.01453651005267595,2.0916152,0.99906932359392
Small pre-B cells,ENSG00000112290,0.032890384614126154,1.7830013,0.9971155470067804
Small pre-B cells,ENSG00000112182,0.034313702511356,2.811775,0.9905608458952471
Small pre-B cells,ENSG00000005187,0.050921193524411566,2.257327,0.9886842857707631
Small pre-B cells,ENSG00000211675,0.013394351935146643,2.6030288,0.9884431199593977
Small pre-B cells,ENSG00000101224,0.030775378587398945,2.384462,0.9878987561572682
Tcm/Naive cytotoxic T cells,ENSG00000256039,0.09718581192442058,1.7795265,1.0
Tcm/Naive cytotoxic T cells,ENSG00000184613,0.03088112714435553,0.84437954,1.0
Tcm/Naive cytotoxic T cells,ENSG00000186854,0.020926523886637724,0.92197514,1.0
Tcm/Naive cytotoxic T cells,ENSG00000126353,0.06351735490106139,1.4723287,0.98420311646028
Tcm/Naive cytotoxic T cells,ENSG00000138795,0.0429200878476353,1.4288988,0.9671953523700888
Tcm/Naive cytotoxic T cells,ENSG00000172116,0.07123837774973027,1.9312897,0.9606680639765479
Tcm/Naive cytotoxic T cells,ENSG00000172005,0.023156181571816443,0.8239692,0.9545454545454546
Tcm/Naive cytotoxic T cells,ENSG00000081059,0.020416835624473283,1.6408856,0.9462211890654131
Tcm/Naive cytotoxic T cells,ENSG00000153563,0.0541741988447269,1.5944889,0.9364065988497301
Tcm/Naive cytotoxic T cells,ENSG00000142546,0.020643394664780493,1.6032284,0.8799345208839937
Tcm/Naive helper T cells,ENSG00000126353,0.08601060581907512,1.023361,0.9772727272727273
Tcm/Naive helper T cells,ENSG00000172005,0.09023507644617834,0.9933431,0.9620680673555895
Tcm/Naive helper T cells,ENSG00000237943,0.03251001733402809,1.102494,0.9604768387295983
Tcm/Naive helper T cells,ENSG00000138795,0.06368245790416582,1.0397422,0.9549171694300391
Tcm/Naive helper T cells,ENSG00000081059,0.047986819558946084,1.5248678,0.9421294886957515
Tcm/Naive helper T cells,ENSG00000184557,0.055046781088783636,1.6302382,0.9253061522137035
Tcm/Naive helper T cells,ENSG00000117602,0.035335478221418394,0.9543315,0.9112286256118254
Tcm/Naive helper T cells,ENSG00000142546,0.041358845646660196,1.5224118,0.8735608905553818
Tcm/Naive helper T cells,ENSG00000168685,0.04447161208264203,2.3357363,0.85865687511184
Tcm/Naive helper T cells,ENSG00000167286,0.01658082837578828,1.7194824,0.8183758936145089
Tem/Effector helper T cells,ENSG00000102871,0.017914009804332956,0.8460835,0.9856594530018893
Tem/Effector helper T cells,ENSG00000165272,0.03498488289205752,0.903844,0.9660332284190438
Tem/Effector helper T cells,ENSG00000172005,0.020315496530223378,0.8339255,0.9548167965628884
Tem/Effector helper T cells,ENSG00000023445,0.017594631797224907,0.8873452,0.9097085852514614
Tem/Effector helper T cells,ENSG00000117602,0.014814411872324167,0.88793397,0.9090909090909091
Tem/Effector helper T cells,ENSG00000141232,0.01918443207291322,1.4201531,0.8873949836600911
Tem/Effector helper T cells,ENSG00000111796,0.015044085085480404,0.75306904,0.8863636363636364
Tem/Effector helper T cells,ENSG00000168685,0.0541815411079204,3.3163433,0.8856402689760382
Tem/Effector helper T cells,ENSG00000008517,0.02334134777946049,2.8314004,0.8369314982132479
Tem/Effector helper T cells,ENSG00000169508,0.016244348460120284,1.1106573,0.8102778006683696
Tem/Temra cytotoxic T cells,ENSG00000227191,0.04876924623662587,1.6368728,0.9813387177207253
Tem/Temra cytotoxic T cells,ENSG00000100450,0.08909038314696266,2.4764698,0.9658609560944817
Tem/Temra cytotoxic T cells,ENSG00000137441,0.05793531106505814,1.8516889,0.9569707214832306
Tem/Temra cytotoxic T cells,ENSG00000172116,0.03628667234086362,1.6186209,0.9545454545454546
Tem/Temra cytotoxic T cells,ENSG00000115523,0.07871394387299434,3.5587916,0.9473973512649536
Tem/Temra cytotoxic T cells,ENSG00000153563,0.023059565521580314,1.8077706,0.9412280063737523
Tem/Temra cytotoxic T cells,ENSG00000139187,0.018653401608332655,1.3104457,0.9336881989782507
Tem/Temra cytotoxic T cells,ENSG00000100453,0.049029830651040655,2.1608517,0.9318181818181818
Tem/Temra cytotoxic T cells,ENSG00000160654,0.038467095349551686,1.8821986,0.8628650443120436
Tem/Temra cytotoxic T cells,ENSG00000167286,0.05437567788915563,2.2029338,0.8462548093362288
Tem/Trm cytotoxic T cells,ENSG00000183918,0.015363377349522743,1.0418746,0.9593684402379122
Tem/Trm cytotoxic T cells,ENSG00000172116,0.0631851918552747,1.723679,0.9559306800365448
Tem/Trm cytotoxic T cells,ENSG00000153563,0.0563596197557196,2.0715628,0.9487120129845359
Tem/Trm cytotoxic T cells,ENSG00000113088,0.2151290556738754,2.7097318,0.9477349736473777
Tem/Trm cytotoxic T cells,ENSG00000100450,0.012769175412089632,1.0344526,0.9318181818181818
Tem/Trm cytotoxic T cells,ENSG00000090104,0.03271000222459979,1.3544947,0.9114686819640073
Tem/Trm cytotoxic T cells,ENSG00000187118,0.032245739296869955,1.6435732,0.8935699530623176
Tem/Trm cytotoxic T cells,ENSG00000145649,0.020758718508415708,2.4716582,0.870898268439553
Tem/Trm cytotoxic T cells,ENSG00000008517,0.026364525010753027,3.0282407,0.8447691798210144
Tem/Trm cytotoxic T cells,ENSG00000167286,0.019257928918174995,2.0458226,0.8344477794387124
pDC,ENSG00000171611,0.03432193722572245,0.858819,1.0
pDC,ENSG00000105251,0.033478047743996264,1.1572556,1.0
pDC,ENSG00000198178,0.03145870802674798,0.6424569,1.0
pDC,ENSG00000103056,0.025042508182275665,1.3709549,1.0
pDC,ENSG00000230138,0.026316478511206852,0.7992649,1.0
pDC,ENSG00000125869,0.02160872923316322,0.72577506,1.0
pDC,ENSG00000184709,0.024031678136404337,0.8372407,1.0
pDC,ENSG00000198467,0.01900690719580275,1.1680827,1.0
pDC,ENSG00000292332,0.01722194852182019,1.5761814,0.9851625114679337
pDC,ENSG00000148154,0.018223710453205064,2.2746193,0.9563342508944598
pDC precursor,ENSG00000167483,0.03357249961865754,0.753528,1.0
pDC precursor,ENSG00000136425,0.028699895297721767,0.83322585,0.9810578416694294
pDC precursor,ENSG00000292332,0.025179205169536346,1.0290092,0.9772727272727273
pDC precursor,ENSG00000152492,0.019996583639536488,1.5086253,0.9275510893626646
pDC precursor,ENSG00000166428,0.028961564295189927,1.6759558,0.9270785220644691
pDC precursor,ENSG00000148154,0.013790971943765955,1.013488,0.9223822531375018
pDC precursor,ENSG00000269404,0.014634546886417502,0.7428264,0.9090909090909091
pDC precursor,ENSG00000235162,0.014344159798482397,1.6364981,0.86667170307853
pDC precursor,ENSG00000104964,0.014568783032196903,1.2846763,0.8609062419696287
pDC precursor,ENSG00000125354,0.017423864016641092,1.7194365,0.8533282632177527
