software_version,cluster_header,clusterName,clusterSize,f_score,precision,recall,TN,FP,FN,TP,marker_count,NSForest_markers,binary_genes,onTarget,fold
4.1,Curated_annotation,CD16+ NK cells,11831,0.09865665569151973,0.08225250135400929,0.48778632406389993,183456,64391,6060,5771,1,['ENSG00000170043'],['ENSG00000170043'],0.10434977,fold_1
4.1,Curated_annotation,CD16- NK cells,11492,0.14131422636242658,0.12467783505154639,0.3030804037591368,223733,24453,8009,3483,2,"['ENSG00000136732', 'ENSG00000170043']","['ENSG00000136732', 'ENSG00000170043']",0.196376,fold_1
4.1,Curated_annotation,Central venous LSECs,10747,0.7862217825344006,0.7797003210845522,0.8134363078068299,246461,2470,2005,8742,1,['ENSG00000127329'],"['ENSG00000127329', 'ENSG00000134138', 'ENSG00000144283']",0.39296904,fold_1
4.1,Curated_annotation,Cholangiocytes,3631,0.09055541637807807,0.07653982686678708,0.3384742495180391,241219,14828,2402,1229,2,"['ENSG00000144283', 'ENSG00000134138']","['ENSG00000144283', 'ENSG00000134138']",0.254872,fold_1
4.1,Curated_annotation,Classical monocytes,18034,0.3876815611486861,0.38766006984866125,0.3877675501829877,230598,11046,11041,6993,2,"['ENSG00000182287', 'ENSG00000170043']","['ENSG00000182287', 'ENSG00000170043']",0.15210019,fold_1
4.1,Curated_annotation,DC1,1216,0.1837491571139582,0.18490245971162,0.17927631578947367,257501,961,998,218,6,"['ENSG00000136930', 'ENSG00000136732', 'ENSG00000187239', 'ENSG00000136521', 'ENSG00000175756', 'ENSG00000091317']","['ENSG00000136930', 'ENSG00000136732', 'ENSG00000187239', 'ENSG00000136521', 'ENSG00000175756', 'ENSG00000091317', 'ENSG00000182287', 'ENSG00000170043']",0.21038854,fold_1
4.1,Curated_annotation,DC2,1308,0.06706349206349206,0.05986539142755933,0.12920489296636087,255716,2654,1139,169,5,"['ENSG00000136930', 'ENSG00000187239', 'ENSG00000175756', 'ENSG00000136521', 'ENSG00000182287']","['ENSG00000136930', 'ENSG00000099860', 'ENSG00000187239', 'ENSG00000175756', 'ENSG00000136521', 'ENSG00000182287', 'ENSG00000091317', 'ENSG00000170043']",0.1878609,fold_1
4.1,Curated_annotation,Fibroblasts,1248,0.490071283095723,0.5746268656716418,0.30849358974358976,258145,285,863,385,2,"['ENSG00000144057', 'ENSG00000169783']","['ENSG00000144057', 'ENSG00000081803', 'ENSG00000169783', 'ENSG00000134138']",0.7667496,fold_1
4.1,Curated_annotation,Inflammatory macrophages,8426,0.29366454843057965,0.28043398308201545,0.3619748397816283,243426,7826,5376,3050,3,"['ENSG00000099860', 'ENSG00000136521', 'ENSG00000182287']","['ENSG00000099860', 'ENSG00000136521', 'ENSG00000175756', 'ENSG00000091317', 'ENSG00000182287', 'ENSG00000170043']",0.19550642,fold_1
4.1,Curated_annotation,Interzonal hepatocytes,10200,0.3666816997394267,0.3940495422724825,0.2869607843137255,244977,4501,7273,2927,5,"['ENSG00000147155', 'ENSG00000164406', 'ENSG00000105854', 'ENSG00000003989', 'ENSG00000138823']","['ENSG00000147155', 'ENSG00000164406', 'ENSG00000105854', 'ENSG00000003989', 'ENSG00000138823', 'ENSG00000143257', 'ENSG00000261701', 'ENSG00000065243', 'ENSG00000168575', 'ENSG00000204128']",0.56784236,fold_1
4.1,Curated_annotation,MAIT cells,25463,0.32311675256876515,0.29398822235164696,0.5352472214585869,201485,32730,11834,13629,1,['ENSG00000122417'],['ENSG00000122417'],1.0,fold_1
4.1,Curated_annotation,Macrophages,3510,0.23930589184826473,0.2671171171171171,0.16894586894586894,254541,1627,2917,593,1,['ENSG00000187239'],['ENSG00000187239'],0.24735348,fold_1
4.1,Curated_annotation,Migratory DCs,42,0.19230769230769232,0.22727272727272727,0.11904761904761904,259619,17,37,5,5,"['ENSG00000184602', 'ENSG00000122299', 'ENSG00000187239', 'ENSG00000099860', 'ENSG00000091317']","['ENSG00000184602', 'ENSG00000122299', 'ENSG00000187239', 'ENSG00000099860', 'ENSG00000136732', 'ENSG00000091317', 'ENSG00000136521', 'ENSG00000175756', 'ENSG00000182287', 'ENSG00000170043']",0.26701343,fold_1
4.1,Curated_annotation,Non-classical monocytes,11186,0.28591672116851974,0.30250259485641795,0.2344895404970499,242444,6048,8563,2623,3,"['ENSG00000091317', 'ENSG00000136521', 'ENSG00000182287']","['ENSG00000091317', 'ENSG00000136521', 'ENSG00000182287', 'ENSG00000170043']",0.1840448,fold_1
4.1,Curated_annotation,Non-inflammatory macrophages,3976,0.42348866498740556,0.5814121037463977,0.2029678068410463,255121,581,3169,807,3,"['ENSG00000162444', 'ENSG00000099860', 'ENSG00000187239']","['ENSG00000162444', 'ENSG00000099860', 'ENSG00000187239', 'ENSG00000091317', 'ENSG00000136521']",0.30657962,fold_1
4.1,Curated_annotation,Pericentral hepatocytes,27012,0.5358540705339486,0.5939265939836749,0.38519917073893084,225552,7114,16607,10405,2,"['ENSG00000261701', 'ENSG00000168575']","['ENSG00000065243', 'ENSG00000261701', 'ENSG00000143257', 'ENSG00000168575', 'ENSG00000175309', 'ENSG00000132199', 'ENSG00000204128', 'ENSG00000105854', 'ENSG00000164406', 'ENSG00000138823']",0.71483886,fold_1
4.1,Curated_annotation,Periportal LSECs,1153,0.6079563683028553,0.7718940936863544,0.32870771899392887,258413,112,774,379,2,"['ENSG00000176435', 'ENSG00000125968']","['ENSG00000176435', 'ENSG00000184113', 'ENSG00000125968', 'ENSG00000127329']",0.7813701,fold_1
4.1,Curated_annotation,Periportal hepatocytes,34031,0.39202082909694064,0.36285129075710887,0.5778260997325968,191118,34529,14367,19664,1,['ENSG00000113600'],['ENSG00000113600'],0.3070363,fold_1
4.1,Curated_annotation,Plasma cells,1994,0.7486136783733827,0.9484777517564403,0.4062186559679037,257640,44,1184,810,1,['ENSG00000132465'],"['ENSG00000132465', 'ENSG00000136732', 'ENSG00000175756']",0.27384228,fold_1
4.1,Curated_annotation,Portal endothelial cells,747,0.23255813953488372,0.24024960998439937,0.20615796519410978,258444,487,593,154,3,"['ENSG00000125968', 'ENSG00000127329', 'ENSG00000134138']","['ENSG00000125968', 'ENSG00000127329', 'ENSG00000134138']",0.3466259,fold_1
4.1,Curated_annotation,Stellate cells,1997,0.05083469310907494,0.04161606725829052,0.44616925388082124,237162,20519,1106,891,1,['ENSG00000134138'],"['ENSG00000169783', 'ENSG00000134138']",0.10129612,fold_1
4.1,Curated_annotation,pDC,1213,0.7765607886089814,0.8460620525059666,0.5845012366034625,258336,129,504,709,2,"['ENSG00000188404', 'ENSG00000132465']","['ENSG00000188404', 'ENSG00000132465', 'ENSG00000175756', 'ENSG00000182287', 'ENSG00000170043']",0.86307883,fold_1
4.1,Curated_annotation,CD4 T cells,5879,0.05213749534169757,0.042598848758137714,0.49974485456710327,187768,66031,2941,2938,1,['ENSG00000147168'],['ENSG00000147168'],0.10402263,fold_2
4.1,Curated_annotation,CD16+ NK cells,11831,0.7103963777591288,0.7389362565976452,0.6153326007945229,245275,2572,4551,7280,2,"['ENSG00000137441', 'ENSG00000169583']","['ENSG00000137441', 'ENSG00000169583', 'ENSG00000147168']",0.4421635,fold_2
4.1,Curated_annotation,CD16- NK cells,11492,0.3369093148376224,0.29720167256352525,0.7236338322311173,228521,19665,3176,8316,1,['ENSG00000169583'],"['ENSG00000169583', 'ENSG00000147168']",0.30010653,fold_2
4.1,Curated_annotation,Central venous LSECs,10747,0.6540153885973787,0.700302343159486,0.5172606308737322,246552,2379,5188,5559,1,['ENSG00000183580'],"['ENSG00000265491', 'ENSG00000183580']",0.3876887,fold_2
4.1,Curated_annotation,Cholangiocytes,3631,0.7451583409525393,0.8538095238095238,0.493803359955935,255740,307,1838,1793,2,"['ENSG00000122870', 'ENSG00000103942']","['ENSG00000122870', 'ENSG00000103942', 'ENSG00000144445', 'ENSG00000152492', 'ENSG00000106853']",0.83882254,fold_2
4.1,Curated_annotation,Classical monocytes,18034,0.19594579401425605,0.16811897106109325,0.5798491737828546,189901,51743,7577,10457,1,['ENSG00000177105'],['ENSG00000177105'],0.14804985,fold_2
4.1,Curated_annotation,DC1,1216,0.31001765225066197,0.33896260554885405,0.23108552631578946,257914,548,935,281,4,"['ENSG00000103043', 'ENSG00000144848', 'ENSG00000006015', 'ENSG00000177105']","['ENSG00000103043', 'ENSG00000170515', 'ENSG00000144848', 'ENSG00000006015', 'ENSG00000177105']",0.36584687,fold_2
4.1,Curated_annotation,DC2,1308,0.06848253049410792,0.058758314855875834,0.20259938837920488,254125,4245,1043,265,4,"['ENSG00000170515', 'ENSG00000006015', 'ENSG00000144848', 'ENSG00000177105']","['ENSG00000170515', 'ENSG00000006015', 'ENSG00000144848', 'ENSG00000177105']",0.3205806,fold_2
4.1,Curated_annotation,Fibroblasts,1248,0.5684210526315789,0.677115987460815,0.34615384615384615,258224,206,816,432,2,"['ENSG00000044524', 'ENSG00000182168']","['ENSG00000044524', 'ENSG00000182168', 'ENSG00000181804', 'ENSG00000189337', 'ENSG00000116667', 'ENSG00000183580']",1.0,fold_2
4.1,Curated_annotation,Inflammatory macrophages,8426,0.1480845830503497,0.12839692834122468,0.38298124851649656,229346,21906,5199,3227,2,"['ENSG00000006015', 'ENSG00000177105']","['ENSG00000006015', 'ENSG00000177105']",0.22454523,fold_2
4.1,Curated_annotation,Interzonal hepatocytes,10200,0.29144435975609756,0.2894039735099338,0.29990196078431375,241967,7511,7141,3059,3,"['ENSG00000077147', 'ENSG00000106993', 'ENSG00000052802']","['ENSG00000077147', 'ENSG00000106993', 'ENSG00000052802', 'ENSG00000008311', 'ENSG00000138032', 'ENSG00000138768', 'ENSG00000148935', 'ENSG00000166669', 'ENSG00000147905', 'ENSG00000113924']",1.0,fold_2
4.1,Curated_annotation,MAIT cells,25463,0.24316623929475253,0.21268580140138965,0.5698071711895691,180506,53709,10954,14509,1,['ENSG00000147168'],['ENSG00000147168'],0.14059491,fold_2
4.1,Curated_annotation,Migratory DCs,42,0.005077430820005078,0.00408371618172537,0.19047619047619047,257685,1951,34,8,4,"['ENSG00000149923', 'ENSG00000265491', 'ENSG00000177105', 'ENSG00000147168']","['ENSG00000149923', 'ENSG00000265491', 'ENSG00000177105', 'ENSG00000147168']",0.24156193,fold_2
4.1,Curated_annotation,Non-classical monocytes,11186,0.2788934373471332,0.26064725697786334,0.38735919899874843,236201,12291,6853,4333,2,"['ENSG00000144848', 'ENSG00000177105']","['ENSG00000144848', 'ENSG00000177105']",0.25870395,fold_2
4.1,Curated_annotation,Non-inflammatory macrophages,3976,0.04231960140200871,0.034393012821536346,0.5417505030181087,195227,60475,1822,2154,1,['ENSG00000177105'],['ENSG00000177105'],0.09787218,fold_2
4.1,Curated_annotation,Pericentral hepatocytes,27012,0.5599326550246349,0.5577537389284158,0.5688212646231304,220483,12183,11647,15365,3,"['ENSG00000008311', 'ENSG00000147905', 'ENSG00000166669']","['ENSG00000143951', 'ENSG00000011454', 'ENSG00000008311', 'ENSG00000138032', 'ENSG00000147905', 'ENSG00000166669', 'ENSG00000148935', 'ENSG00000138768', 'ENSG00000052802', 'ENSG00000144445']",0.65570205,fold_2
4.1,Curated_annotation,Periportal hepatocytes,34031,0.34541851104168114,0.32107717194785423,0.49575387147013017,189973,35674,17160,16871,1,['ENSG00000113924'],"['ENSG00000113924', 'ENSG00000106853']",0.20961705,fold_2
4.1,Curated_annotation,Plasma cells,1994,0.018615130875238944,0.014995274890210684,0.541123370110331,186807,70877,915,1079,1,['ENSG00000147168'],['ENSG00000147168'],0.071359955,fold_2
4.1,Curated_annotation,Portal endothelial cells,747,0.3059923501912452,0.2737642585551331,0.5783132530120482,257785,1146,315,432,1,['ENSG00000146374'],['ENSG00000146374'],1.0,fold_2
4.1,Curated_annotation,Stellate cells,1997,0.37450140345693606,0.42497904442581724,0.2538808212318478,256995,686,1490,507,2,"['ENSG00000163638', 'ENSG00000189337']","['ENSG00000163638', 'ENSG00000116667', 'ENSG00000189337', 'ENSG00000183580']",0.64967626,fold_2
4.1,Curated_annotation,Tem/Temra cytotoxic T cells,12662,0.44722944508274376,0.41012014787430684,0.7009161269941557,234251,12765,3787,8875,1,['ENSG00000137441'],"['ENSG00000137441', 'ENSG00000147168']",0.43364123,fold_2
4.1,Curated_annotation,Tem/Trm cytotoxic T cells,39056,0.35089682911923137,0.32595098605495504,0.505709750102417,179778,40844,19305,19751,1,['ENSG00000147168'],['ENSG00000147168'],0.13980085,fold_2
4.1,Curated_annotation,pDC,1213,0.614493836384012,0.8989071038251366,0.27122835943940643,258428,37,884,329,2,"['ENSG00000137265', 'ENSG00000152492']","['ENSG00000137265', 'ENSG00000100612', 'ENSG00000124766', 'ENSG00000152492', 'ENSG00000169583']",0.754167,fold_2
4.1,Curated_annotation,CD16+ NK cells,11831,0.12301585315185888,0.10460785357028839,0.4154340292452033,205777,42070,6916,4915,2,"['ENSG00000126264', 'ENSG00000111669']","['ENSG00000126264', 'ENSG00000111669']",0.090394005,fold_3
4.1,Curated_annotation,CD16- NK cells,11492,0.14583672330830563,0.12501868181138842,0.4367386007657501,213059,35127,6473,5019,2,"['ENSG00000126264', 'ENSG00000111669']","['ENSG00000126264', 'ENSG00000111669']",0.100630626,fold_3
4.1,Curated_annotation,Central venous LSECs,10747,0.29118456769920875,0.29371783668317314,0.28147389969293757,241657,7274,7722,3025,1,['ENSG00000155849'],"['ENSG00000155849', 'ENSG00000069667']",0.206032,fold_3
4.1,Curated_annotation,Cholangiocytes,3631,0.8247704748586369,0.8467540574282147,0.7471770862021482,255556,491,918,2713,1,['ENSG00000196975'],"['ENSG00000196975', 'ENSG00000169905', 'ENSG00000114062', 'ENSG00000170145', 'ENSG00000168137', 'ENSG00000069667']",0.8844531,fold_3
4.1,Curated_annotation,Classical monocytes,18034,0.33202176856843557,0.3451298054578049,0.2882333370300543,231781,9863,12836,5198,3,"['ENSG00000067225', 'ENSG00000183648', 'ENSG00000136238']","['ENSG00000067225', 'ENSG00000183648', 'ENSG00000111669', 'ENSG00000136238']",0.15836506,fold_3
4.1,Curated_annotation,DC1,1216,0.10487916096671226,0.09740603493912123,0.1513157894736842,256757,1705,1032,184,5,"['ENSG00000130731', 'ENSG00000124570', 'ENSG00000137161', 'ENSG00000067225', 'ENSG00000141552']","['ENSG00000130731', 'ENSG00000125971', 'ENSG00000124570', 'ENSG00000137161', 'ENSG00000067225', 'ENSG00000141552', 'ENSG00000183648', 'ENSG00000111669']",0.1827764,fold_3
4.1,Curated_annotation,DC2,1308,0.07847957639939486,0.06842539159109645,0.19036697247706422,254980,3390,1059,249,6,"['ENSG00000137161', 'ENSG00000067225', 'ENSG00000141552', 'ENSG00000183648', 'ENSG00000111669', 'ENSG00000136238']","['ENSG00000137161', 'ENSG00000067225', 'ENSG00000141552', 'ENSG00000183648', 'ENSG00000111669', 'ENSG00000136238']",0.14956604,fold_3
4.1,Curated_annotation,Fibroblasts,1248,0.22364354395604397,0.20038461538461538,0.41746794871794873,256351,2079,727,521,2,"['ENSG00000144645', 'ENSG00000069667']","['ENSG00000144645', 'ENSG00000170456', 'ENSG00000168137', 'ENSG00000069667', 'ENSG00000155849']",0.5876123,fold_3
4.1,Curated_annotation,Inflammatory macrophages,8426,0.4796221510467437,0.47697634160415464,0.4905055779729409,246720,4532,4293,4133,2,"['ENSG00000173372', 'ENSG00000111669']","['ENSG00000173372', 'ENSG00000137161', 'ENSG00000067225', 'ENSG00000141552', 'ENSG00000183648', 'ENSG00000111669', 'ENSG00000136238']",0.26484933,fold_3
4.1,Curated_annotation,Interzonal hepatocytes,10200,0.23227647090488238,0.2153865352218132,0.3384313725490196,236903,12575,6748,3452,4,"['ENSG00000160752', 'ENSG00000132840', 'ENSG00000137204', 'ENSG00000114062']","['ENSG00000160752', 'ENSG00000164327', 'ENSG00000101849', 'ENSG00000132840', 'ENSG00000137204', 'ENSG00000114062', 'ENSG00000170456', 'ENSG00000169905', 'ENSG00000137491', 'ENSG00000170145']",0.3943416,fold_3
4.1,Curated_annotation,MAIT cells,25463,0.46953589114907884,0.49868766404199477,0.3805521737422927,224474,9741,15773,9690,2,"['ENSG00000174946', 'ENSG00000069667']","['ENSG00000174946', 'ENSG00000069667', 'ENSG00000126264']",0.54615945,fold_3
4.1,Curated_annotation,Macrophages,3510,0.31454405540592534,0.7748815165876777,0.09316239316239316,256073,95,3183,327,2,"['ENSG00000137491', 'ENSG00000155849']","['ENSG00000137491', 'ENSG00000155849']",0.24794146,fold_3
4.1,Curated_annotation,Migratory DCs,42,0.05555555555555555,0.08333333333333333,0.023809523809523808,259625,11,41,1,4,"['ENSG00000067225', 'ENSG00000111669', 'ENSG00000183648', 'ENSG00000136238']","['ENSG00000067225', 'ENSG00000141552', 'ENSG00000111669', 'ENSG00000183648', 'ENSG00000136238']",0.110445395,fold_3
4.1,Curated_annotation,NK cells,1248,0.23867069486404835,0.21080720480320214,0.5064102564102564,256064,2366,616,632,1,['ENSG00000161405'],['ENSG00000161405'],1.0,fold_3
4.1,Curated_annotation,Non-classical monocytes,11186,0.18496686604948995,0.1718254654446942,0.26649383157518325,234124,14368,8205,2981,3,"['ENSG00000067225', 'ENSG00000183648', 'ENSG00000111669']","['ENSG00000067225', 'ENSG00000183648', 'ENSG00000111669']",0.12223515,fold_3
4.1,Curated_annotation,Non-inflammatory macrophages,3976,0.6958116641901931,0.6826879271070615,0.7537726358148893,254309,1393,979,2997,1,['ENSG00000173372'],"['ENSG00000173372', 'ENSG00000124570', 'ENSG00000137491', 'ENSG00000111669', 'ENSG00000136238']",0.57786304,fold_3
4.1,Curated_annotation,Pericentral hepatocytes,27012,0.5524144869215292,0.5397090623157067,0.6098400710795202,218617,14049,10539,16473,2,"['ENSG00000101849', 'ENSG00000132840']","['ENSG00000135837', 'ENSG00000182606', 'ENSG00000101849', 'ENSG00000164327', 'ENSG00000132840', 'ENSG00000196975', 'ENSG00000170456', 'ENSG00000114062', 'ENSG00000137204', 'ENSG00000169905']",0.6438506,fold_3
4.1,Curated_annotation,Periportal LSECs,1153,0.3517635843660629,0.36070381231671556,0.32003469210754554,257871,654,784,369,2,"['ENSG00000173269', 'ENSG00000131477']","['ENSG00000173269', 'ENSG00000131477', 'ENSG00000114315', 'ENSG00000124570', 'ENSG00000136238']",1.0,fold_3
4.1,Curated_annotation,Periportal hepatocytes,34031,0.4558405731461276,0.5066587341540433,0.32532103082483615,214867,10780,22960,11071,1,['ENSG00000137204'],['ENSG00000137204'],0.25236103,fold_3
4.1,Curated_annotation,Plasma cells,1994,0.44112078758046197,0.5669099756690997,0.2337011033099298,257328,356,1528,466,3,"['ENSG00000183508', 'ENSG00000167077', 'ENSG00000141552']","['ENSG00000183508', 'ENSG00000167077', 'ENSG00000125971', 'ENSG00000141552', 'ENSG00000183648', 'ENSG00000111669']",1.0,fold_3
4.1,Curated_annotation,Portal endothelial cells,747,0.014190147982971822,0.011443321144332115,0.35609103078982596,235952,22979,481,266,1,['ENSG00000136238'],['ENSG00000136238'],0.09149646,fold_3
4.1,Curated_annotation,Stellate cells,1997,0.03963960103277231,0.032404974601506396,0.37055583375062595,235585,22096,1257,740,2,"['ENSG00000168137', 'ENSG00000069667']","['ENSG00000170145', 'ENSG00000168137', 'ENSG00000155849', 'ENSG00000069667']",0.2035622,fold_3
4.1,Curated_annotation,Tem/Temra cytotoxic T cells,12662,0.11725298999210763,0.09666025024061597,0.7931606381298373,153159,93857,2619,10043,1,['ENSG00000126264'],['ENSG00000126264'],0.10641207,fold_3
4.1,Curated_annotation,Tem/Trm cytotoxic T cells,39056,0.3529392863851622,0.3125198341048116,0.7312320770176157,157798,62824,10497,28559,1,['ENSG00000126264'],['ENSG00000126264'],0.10843901,fold_3
4.1,Curated_annotation,pDC,1213,0.1741253051261188,0.1735604217356042,0.17642209398186315,257446,1019,999,214,4,"['ENSG00000175857', 'ENSG00000137161', 'ENSG00000141552', 'ENSG00000183648']","['ENSG00000175857', 'ENSG00000137161', 'ENSG00000141552', 'ENSG00000183648']",0.26662472,fold_3
4.1,Curated_annotation,B cells,2513,0.06471921430370184,0.054055948958844566,0.3068046159968166,243673,13492,1742,771,1,['ENSG00000198771'],['ENSG00000198771'],1.0,fold_4
4.1,Curated_annotation,CD4 T cells,5879,0.07955702022796965,0.06489415658951976,0.8270113964960027,183739,70060,1017,4862,1,['ENSG00000167286'],['ENSG00000167286'],0.23055984,fold_4
4.1,Curated_annotation,CD16+ NK cells,11831,0.6894676816168475,0.8038033395176253,0.4394387625729017,246578,1269,6632,5199,2,"['ENSG00000159674', 'ENSG00000115523']","['ENSG00000159674', 'ENSG00000115523', 'ENSG00000198821']",0.763828,fold_4
4.1,Curated_annotation,CD16- NK cells,11492,0.2222627505709211,0.18931088047907427,0.7317264183780021,212176,36010,3083,8409,1,['ENSG00000198821'],['ENSG00000198821'],0.26081783,fold_4
4.1,Curated_annotation,Central venous LSECs,10747,0.683369561072341,0.9263375549237529,0.33348841537173163,248646,285,7163,3584,2,"['ENSG00000010327', 'ENSG00000129657']","['ENSG00000010327', 'ENSG00000129657', 'ENSG00000158321', 'ENSG00000133812']",0.6773871,fold_4
4.1,Curated_annotation,Cholangiocytes,3631,0.7371874740426946,0.8444338725023787,0.488846047920683,255720,327,1856,1775,1,['ENSG00000169862'],"['ENSG00000169862', 'ENSG00000144445', 'ENSG00000158321', 'ENSG00000145703', 'ENSG00000133812']",1.0,fold_4
4.1,Curated_annotation,Classical monocytes,18034,0.3997690067289344,0.39055141287284145,0.44144393922590663,229221,12423,10073,7961,2,"['ENSG00000090013', 'ENSG00000120742']","['ENSG00000090013', 'ENSG00000107372', 'ENSG00000120742']",0.1633267,fold_4
4.1,Curated_annotation,DC1,1216,0.11215156794425087,0.10341365461847389,0.16940789473684212,256676,1786,1010,206,5,"['ENSG00000143420', 'ENSG00000140740', 'ENSG00000103275', 'ENSG00000090013', 'ENSG00000167460']","['ENSG00000143420', 'ENSG00000140740', 'ENSG00000103275', 'ENSG00000090013', 'ENSG00000167460']",0.26596677,fold_4
4.1,Curated_annotation,DC2,1308,0.08190171793847383,0.07536764705882353,0.12538226299694188,256358,2012,1144,164,5,"['ENSG00000140740', 'ENSG00000169756', 'ENSG00000143420', 'ENSG00000103275', 'ENSG00000167460']","['ENSG00000140740', 'ENSG00000169756', 'ENSG00000143420', 'ENSG00000103275', 'ENSG00000090013', 'ENSG00000167460', 'ENSG00000120742']",0.28797802,fold_4
4.1,Curated_annotation,Fibroblasts,1248,0.31935307017543857,0.3883333333333333,0.18669871794871795,258063,367,1015,233,2,"['ENSG00000169756', 'ENSG00000158321']","['ENSG00000145730', 'ENSG00000081803', 'ENSG00000169756', 'ENSG00000173120', 'ENSG00000158321', 'ENSG00000133812', 'ENSG00000107372']",0.35860652,fold_4
4.1,Curated_annotation,Inflammatory macrophages,8426,0.32070325816977546,0.32279411764705884,0.31260384524092094,245726,5526,5792,2634,3,"['ENSG00000085662', 'ENSG00000090013', 'ENSG00000120742']","['ENSG00000085662', 'ENSG00000169756', 'ENSG00000140740', 'ENSG00000090013', 'ENSG00000107372', 'ENSG00000120742']",0.19489786,fold_4
4.1,Curated_annotation,Interzonal hepatocytes,10200,0.30353461604535303,0.3109326880774307,0.27715686274509804,243213,6265,7373,2827,5,"['ENSG00000162368', 'ENSG00000116133', 'ENSG00000111885', 'ENSG00000117114', 'ENSG00000175003']","['ENSG00000162368', 'ENSG00000116133', 'ENSG00000111885', 'ENSG00000117114', 'ENSG00000175003', 'ENSG00000024048', 'ENSG00000072736', 'ENSG00000127948', 'ENSG00000173120', 'ENSG00000137491']",0.50492114,fold_4
4.1,Curated_annotation,MAIT cells,25463,0.3357855611591789,0.2915255145079871,0.855044574480619,181304,52911,3691,21772,1,['ENSG00000167286'],['ENSG00000167286'],0.24656728,fold_4
4.1,Curated_annotation,Macrophages,3510,0.4962128568654108,0.6022392457277549,0.29116809116809117,255493,675,2488,1022,1,['ENSG00000082397'],"['ENSG00000082397', 'ENSG00000137491', 'ENSG00000145703', 'ENSG00000133812']",1.0,fold_4
4.1,Curated_annotation,Migratory DCs,42,0.12962962962962962,0.12280701754385964,0.16666666666666666,259586,50,35,7,4,"['ENSG00000180758', 'ENSG00000157500', 'ENSG00000103275', 'ENSG00000107372']","['ENSG00000180758', 'ENSG00000157500', 'ENSG00000143420', 'ENSG00000103275', 'ENSG00000107372', 'ENSG00000167460']",0.615885,fold_4
4.1,Curated_annotation,NK cells,1248,0.18650088809946713,0.3346613545816733,0.0673076923076923,258263,167,1164,84,1,['ENSG00000198821'],"['ENSG00000198821', 'ENSG00000145703']",0.26530248,fold_4
4.1,Curated_annotation,Non-classical monocytes,11186,0.2832954857385272,0.26339907192575407,0.40595387091006613,235793,12699,6645,4541,2,"['ENSG00000107372', 'ENSG00000120742']","['ENSG00000107372', 'ENSG00000120742']",0.13408272,fold_4
4.1,Curated_annotation,Non-inflammatory macrophages,3976,0.526021711366539,0.6164639850327409,0.33148893360160964,254882,820,2658,1318,2,"['ENSG00000090013', 'ENSG00000137491']","['ENSG00000171055', 'ENSG00000085662', 'ENSG00000090013', 'ENSG00000137491', 'ENSG00000107372']",0.32840702,fold_4
4.1,Curated_annotation,Pericentral hepatocytes,27012,0.5468597239059872,0.5944840046763736,0.4141492669924478,225035,7631,15825,11187,3,"['ENSG00000114354', 'ENSG00000175003', 'ENSG00000144445']","['ENSG00000114354', 'ENSG00000024048', 'ENSG00000072736', 'ENSG00000175003', 'ENSG00000111885', 'ENSG00000144445', 'ENSG00000116133', 'ENSG00000081803', 'ENSG00000127948', 'ENSG00000173120']",0.5106288,fold_4
4.1,Curated_annotation,Periportal LSECs,1153,0.10672158771765587,0.10888252148997135,0.09887250650477017,257592,933,1039,114,2,"['ENSG00000129657', 'ENSG00000167460']","['ENSG00000129657', 'ENSG00000167460']",0.25135714,fold_4
4.1,Curated_annotation,Periportal hepatocytes,34031,0.353230777019117,0.3601406496983774,0.3280538332696659,205812,19835,22867,11164,1,['ENSG00000127948'],['ENSG00000127948'],0.18948488,fold_4
4.1,Curated_annotation,Plasma cells,1994,0.24830296534476598,0.30854605993340734,0.13941825476429287,257061,623,1716,278,4,"['ENSG00000174780', 'ENSG00000129657', 'ENSG00000167460', 'ENSG00000120742']","['ENSG00000174780', 'ENSG00000129657', 'ENSG00000167460', 'ENSG00000120742']",0.14418301,fold_4
4.1,Curated_annotation,Portal endothelial cells,747,0.041227059136448266,0.03532092669958223,0.12449799196787148,256391,2540,654,93,2,"['ENSG00000129657', 'ENSG00000167460']","['ENSG00000129657', 'ENSG00000167460']",0.17939135,fold_4
4.1,Curated_annotation,Stellate cells,1997,0.3021021021021021,0.3179519595448799,0.25187781672508763,256602,1079,1494,503,2,"['ENSG00000117114', 'ENSG00000133812']","['ENSG00000117114', 'ENSG00000173120', 'ENSG00000158321', 'ENSG00000133812']",0.57542765,fold_4
4.1,Curated_annotation,Tem/Temra cytotoxic T cells,12662,0.5513563614527036,0.5284329058492336,0.6671141999684094,239478,7538,4215,8447,2,"['ENSG00000115523', 'ENSG00000167286']","['ENSG00000115523', 'ENSG00000167286', 'ENSG00000198821']",0.36246505,fold_4
4.1,Curated_annotation,Tem/Trm cytotoxic T cells,39056,0.48997119062605915,0.4445146057544476,0.829117165096272,180156,40466,6674,32382,1,['ENSG00000167286'],['ENSG00000167286'],0.27028677,fold_4
4.1,Curated_annotation,pDC,1213,0.018016144075473216,0.01453118657827087,0.4427040395713108,222047,36418,676,537,2,"['ENSG00000103275', 'ENSG00000120742']","['ENSG00000103275', 'ENSG00000120742']",0.17068899,fold_4
4.1,Curated_annotation,CD4 T cells,5879,0.04060907019323226,0.0329983195795738,0.5244089130804559,163453,90346,2796,3083,1,['ENSG00000292348'],['ENSG00000292348'],0.09446771,fold_5
4.1,Curated_annotation,CD16+ NK cells,11831,0.12319005382457736,0.10221925873738771,0.6867551348153157,176486,71361,3706,8125,1,['ENSG00000292348'],['ENSG00000292348'],0.14805612,fold_5
4.1,Curated_annotation,CD16- NK cells,11492,0.08434721324332058,0.0695968693979275,0.5540375913679081,163069,85117,5125,6367,1,['ENSG00000292348'],['ENSG00000292348'],0.10496197,fold_5
4.1,Curated_annotation,Central venous LSECs,10747,0.6039490299621169,0.6414289197756645,0.4895319624081139,245990,2941,5486,5261,1,['ENSG00000064989'],"['ENSG00000178573', 'ENSG00000064989']",0.28090546,fold_5
4.1,Curated_annotation,Cholangiocytes,3631,0.2614366511484745,0.24311270125223614,0.3742770586615258,251816,4231,2272,1359,2,"['ENSG00000129595', 'ENSG00000052126']","['ENSG00000129595', 'ENSG00000126070', 'ENSG00000095787', 'ENSG00000052126', 'ENSG00000196712', 'ENSG00000160584', 'ENSG00000153187']",0.6040831,fold_5
4.1,Curated_annotation,Classical monocytes,18034,0.2960229179033215,0.308644466868483,0.2544083398025951,231367,10277,13446,4588,2,"['ENSG00000196352', 'ENSG00000163162']","['ENSG00000196352', 'ENSG00000102144', 'ENSG00000163162', 'ENSG00000143977']",0.1460714,fold_5
4.1,Curated_annotation,DC1,1216,0.19484412470023982,0.20591341077085534,0.16036184210526316,257710,752,1021,195,4,"['ENSG00000213047', 'ENSG00000174917', 'ENSG00000060138', 'ENSG00000086061']","['ENSG00000213047', 'ENSG00000159720', 'ENSG00000174917', 'ENSG00000060138', 'ENSG00000086061', 'ENSG00000196352', 'ENSG00000153187', 'ENSG00000143977', 'ENSG00000102144']",0.33967084,fold_5
4.1,Curated_annotation,DC2,1308,0.10002837684449489,0.09825783972125436,0.10779816513761468,257076,1294,1167,141,5,"['ENSG00000105383', 'ENSG00000159720', 'ENSG00000174917', 'ENSG00000196352', 'ENSG00000153187']","['ENSG00000105383', 'ENSG00000159720', 'ENSG00000174917', 'ENSG00000086061', 'ENSG00000196352', 'ENSG00000153187', 'ENSG00000102144', 'ENSG00000143977', 'ENSG00000163162']",0.43526024,fold_5
4.1,Curated_annotation,Fibroblasts,1248,0.5425219941348973,0.8,0.23717948717948717,258356,74,952,296,3,"['ENSG00000107518', 'ENSG00000091138', 'ENSG00000011465']","['ENSG00000107518', 'ENSG00000091138', 'ENSG00000011465', 'ENSG00000196712', 'ENSG00000052126', 'ENSG00000160584', 'ENSG00000292348']",0.7346757,fold_5
4.1,Curated_annotation,Inflammatory macrophages,8426,0.2084034017200788,0.20903614457831327,0.20591027771184428,244687,6565,6691,1735,3,"['ENSG00000060138', 'ENSG00000163162', 'ENSG00000143977']","['ENSG00000060138', 'ENSG00000153187', 'ENSG00000102144', 'ENSG00000163162', 'ENSG00000143977']",0.115485065,fold_5
4.1,Curated_annotation,Interzonal hepatocytes,10200,0.27881512217611804,0.25276907001044935,0.47431372549019607,235176,14302,5362,4838,3,"['ENSG00000140107', 'ENSG00000187048', 'ENSG00000172482']","['ENSG00000140107', 'ENSG00000187048', 'ENSG00000081377', 'ENSG00000172482', 'ENSG00000126070', 'ENSG00000095787', 'ENSG00000160584', 'ENSG00000052126', 'ENSG00000196712']",0.51001316,fold_5
4.1,Curated_annotation,MAIT cells,25463,0.19001963579354217,0.16273582292924482,0.5769155244865098,158636,75579,10773,14690,1,['ENSG00000292348'],['ENSG00000292348'],0.11323081,fold_5
4.1,Curated_annotation,Macrophages,3510,0.2024174327545114,0.18391337973704563,0.3387464387464387,250892,5276,2321,1189,1,['ENSG00000163162'],['ENSG00000163162'],0.176143,fold_5
4.1,Curated_annotation,Migratory DCs,42,0.01342642320085929,0.01098901098901099,0.11904761904761904,259186,450,37,5,5,"['ENSG00000138279', 'ENSG00000174917', 'ENSG00000086061', 'ENSG00000153187', 'ENSG00000143977']","['ENSG00000138279', 'ENSG00000174917', 'ENSG00000086061', 'ENSG00000153187', 'ENSG00000143977']",0.17113419,fold_5
4.1,Curated_annotation,Neutrophils,3002,0.6103006847275975,0.8826695371367062,0.2731512325116589,256567,109,2182,820,2,"['ENSG00000196352', 'ENSG00000163162']","['ENSG00000196352', 'ENSG00000163162']",0.32305557,fold_5
4.1,Curated_annotation,Non-classical monocytes,11186,0.2976150145673826,0.3833733362426358,0.15707133917396746,245666,2826,9429,1757,4,"['ENSG00000196352', 'ENSG00000102144', 'ENSG00000163162', 'ENSG00000143977']","['ENSG00000196352', 'ENSG00000102144', 'ENSG00000163162', 'ENSG00000143977']",0.1637987,fold_5
4.1,Curated_annotation,Non-inflammatory macrophages,3976,0.41772554002541296,0.4883936861652739,0.26458752515090544,254600,1102,2924,1052,3,"['ENSG00000161929', 'ENSG00000178573', 'ENSG00000153187']","['ENSG00000161929', 'ENSG00000178573', 'ENSG00000153187', 'ENSG00000163162', 'ENSG00000102144']",0.5256048,fold_5
4.1,Curated_annotation,Pericentral hepatocytes,27012,0.5364013266998342,0.5529768773774415,0.4789723086035836,222207,10459,14074,12938,2,"['ENSG00000081377', 'ENSG00000213047']","['ENSG00000107669', 'ENSG00000148200', 'ENSG00000081377', 'ENSG00000144455', 'ENSG00000213047', 'ENSG00000126070', 'ENSG00000187048', 'ENSG00000091138', 'ENSG00000172482', 'ENSG00000160584']",0.668939,fold_5
4.1,Curated_annotation,Periportal LSECs,1153,0.36018207005739167,0.37333333333333335,0.31569817866435385,257914,611,789,364,2,"['ENSG00000173269', 'ENSG00000060138']","['ENSG00000173269', 'ENSG00000060138', 'ENSG00000101955', 'ENSG00000064989']",0.7520009,fold_5
4.1,Curated_annotation,Periportal hepatocytes,34031,0.503234608106324,0.4829536122386729,0.6048308894831184,203611,22036,13448,20583,1,['ENSG00000172482'],['ENSG00000172482'],0.3623979,fold_5
4.1,Curated_annotation,Plasma cells,1994,0.10228221541887003,0.09016561030464118,0.22116349047141423,253234,4450,1553,441,3,"['ENSG00000076554', 'ENSG00000143977', 'ENSG00000102144']","['ENSG00000076554', 'ENSG00000143977', 'ENSG00000102144']",0.11287692,fold_5
4.1,Curated_annotation,Portal endothelial cells,747,0.2256331542594014,0.20388349514563106,0.39357429718875503,257783,1148,453,294,2,"['ENSG00000101955', 'ENSG00000064989']","['ENSG00000101955', 'ENSG00000064989']",0.49871102,fold_5
4.1,Curated_annotation,Stellate cells,1997,0.5320113314447592,0.5500878734622144,0.47020530796194293,256913,768,1058,939,1,['ENSG00000134343'],"['ENSG00000134343', 'ENSG00000011465', 'ENSG00000144455', 'ENSG00000095787', 'ENSG00000160584', 'ENSG00000196712', 'ENSG00000052126']",1.0,fold_5
4.1,Curated_annotation,Tem/Temra cytotoxic T cells,12662,0.14639754326316698,0.12322985871840947,0.5903490759753593,193832,53184,5187,7475,1,['ENSG00000292348'],['ENSG00000292348'],0.15193476,fold_5
4.1,Curated_annotation,Tem/Trm cytotoxic T cells,39056,0.3628277957026155,0.34869289130793335,0.4330448586644818,189031,31591,22143,16913,1,['ENSG00000292348'],['ENSG00000292348'],0.13645461,fold_5
4.1,Curated_annotation,pDC,1213,0.04766060280593408,0.04150833089739842,0.1170651277823578,255186,3279,1071,142,5,"['ENSG00000086061', 'ENSG00000153187', 'ENSG00000143977', 'ENSG00000292348', 'ENSG00000102144']","['ENSG00000086061', 'ENSG00000153187', 'ENSG00000143977', 'ENSG00000292348', 'ENSG00000102144']",0.14405933,fold_5
4.1,Curated_annotation,B cells,2513,0.029596391614161124,0.023910958796434578,0.6052526860326303,195075,62090,992,1521,1,['ENSG00000136490'],['ENSG00000136490'],0.19089578,fold_6
4.1,Curated_annotation,CD4 T cells,5879,0.07161506302958466,0.05839177735114733,0.760503486987583,181701,72098,1408,4471,1,['ENSG00000198851'],['ENSG00000198851'],0.23237701,fold_6
4.1,Curated_annotation,CD16+ NK cells,11831,0.1232277844756961,0.10293919878068826,0.5822838306144874,187813,60034,4942,6889,1,['ENSG00000136490'],['ENSG00000136490'],0.1789022,fold_6
4.1,Curated_annotation,Central venous LSECs,10747,0.3404893555102863,0.35868411743898126,0.28305573648460036,243492,5439,7705,3042,1,['ENSG00000169398'],"['ENSG00000169398', 'ENSG00000140262']",0.14960799,fold_6
4.1,Curated_annotation,Cholangiocytes,3631,0.19780837313852206,0.19881389438011862,0.1938859818231892,253210,2837,2927,704,3,"['ENSG00000175029', 'ENSG00000102531', 'ENSG00000114062']","['ENSG00000175029', 'ENSG00000102531', 'ENSG00000114062', 'ENSG00000169398', 'ENSG00000119707', 'ENSG00000140262']",0.28362933,fold_6
4.1,Curated_annotation,Classical monocytes,18034,0.4592173892520828,0.46669065179588654,0.43157369413330376,232750,8894,10251,7783,2,"['ENSG00000102524', 'ENSG00000163191']","['ENSG00000146425', 'ENSG00000102524', 'ENSG00000107372', 'ENSG00000163191']",0.16143228,fold_6
4.1,Curated_annotation,DC1,1216,0.7196339434276207,0.7706013363028953,0.569078947368421,258256,206,524,692,2,"['ENSG00000131203', 'ENSG00000167552']","['ENSG00000180304', 'ENSG00000131203', 'ENSG00000249915', 'ENSG00000167552', 'ENSG00000117614', 'ENSG00000089063', 'ENSG00000103275', 'ENSG00000187239', 'ENSG00000136490', 'ENSG00000119707']",0.41090012,fold_6
4.1,Curated_annotation,DC2,1308,0.0839080459770115,0.07900432900432901,0.11162079510703364,256668,1702,1162,146,5,"['ENSG00000249915', 'ENSG00000117614', 'ENSG00000167552', 'ENSG00000089063', 'ENSG00000103275']","['ENSG00000249915', 'ENSG00000117614', 'ENSG00000167552', 'ENSG00000089063', 'ENSG00000103275', 'ENSG00000146425', 'ENSG00000187239', 'ENSG00000119707', 'ENSG00000176978', 'ENSG00000136490']",0.30067095,fold_6
4.1,Curated_annotation,Fibroblasts,1248,0.3763230105840847,0.34301027244305493,0.6153846153846154,256959,1471,480,768,1,['ENSG00000151388'],"['ENSG00000101752', 'ENSG00000151388', 'ENSG00000169398', 'ENSG00000140262', 'ENSG00000107372']",0.56583214,fold_6
4.1,Curated_annotation,Inflammatory macrophages,8426,0.23900598490762426,0.24490067990934541,0.21801566579634465,245588,5664,6589,1837,3,"['ENSG00000176978', 'ENSG00000102524', 'ENSG00000115944']","['ENSG00000146425', 'ENSG00000176978', 'ENSG00000102524', 'ENSG00000115944', 'ENSG00000136490', 'ENSG00000107372', 'ENSG00000163191']",0.15086405,fold_6
4.1,Curated_annotation,Interzonal hepatocytes,10200,0.22877170378550832,0.21696123354425775,0.2924509803921569,238712,10766,7217,2983,5,"['ENSG00000166035', 'ENSG00000169902', 'ENSG00000186350', 'ENSG00000120725', 'ENSG00000110090']","['ENSG00000166035', 'ENSG00000169902', 'ENSG00000186350', 'ENSG00000081913', 'ENSG00000120725', 'ENSG00000110090', 'ENSG00000102531', 'ENSG00000114062', 'ENSG00000119707', 'ENSG00000140262']",0.4482115,fold_6
4.1,Curated_annotation,MAIT cells,25463,0.3229031290612816,0.2799143896322168,0.837214782233044,179374,54841,4145,21318,1,['ENSG00000198851'],['ENSG00000198851'],0.26095235,fold_6
4.1,Curated_annotation,Macrophages,3510,0.25180620484487887,0.7926421404682275,0.06752136752136752,256106,62,3273,237,2,"['ENSG00000187239', 'ENSG00000140262']","['ENSG00000187239', 'ENSG00000140262']",0.19238046,fold_6
4.1,Curated_annotation,Migratory DCs,42,0.23529411764705882,0.25,0.19047619047619047,259612,24,34,8,2,"['ENSG00000131203', 'ENSG00000187239']","['ENSG00000131203', 'ENSG00000167552', 'ENSG00000117614', 'ENSG00000187239', 'ENSG00000146425', 'ENSG00000089063', 'ENSG00000103275', 'ENSG00000102524', 'ENSG00000107372', 'ENSG00000115944']",0.38563073,fold_6
4.1,Curated_annotation,Neutrophils,3002,0.8326760007887991,0.946218487394958,0.5626249167221852,256580,96,1313,1689,1,['ENSG00000180871'],"['ENSG00000180871', 'ENSG00000163191']",1.0,fold_6
4.1,Curated_annotation,Non-classical monocytes,11186,0.5282201901532126,0.639010989010989,0.3119077418201323,246521,1971,7697,3489,3,"['ENSG00000136490', 'ENSG00000107372', 'ENSG00000163191']","['ENSG00000102524', 'ENSG00000136490', 'ENSG00000107372', 'ENSG00000115944', 'ENSG00000163191']",0.16630179,fold_6
4.1,Curated_annotation,Non-inflammatory macrophages,3976,0.35120481927710845,0.5393154486586494,0.1466297786720322,255204,498,3393,583,5,"['ENSG00000113369', 'ENSG00000176978', 'ENSG00000187239', 'ENSG00000107372', 'ENSG00000163191']","['ENSG00000113369', 'ENSG00000176978', 'ENSG00000187239', 'ENSG00000107372', 'ENSG00000102524', 'ENSG00000163191']",0.17430788,fold_6
4.1,Curated_annotation,Pericentral hepatocytes,27012,0.5302412042074719,0.5618004515540184,0.4329557233822005,223544,9122,15317,11695,3,"['ENSG00000115170', 'ENSG00000081913', 'ENSG00000120725']","['ENSG00000115170', 'ENSG00000172943', 'ENSG00000076321', 'ENSG00000081913', 'ENSG00000110090', 'ENSG00000120725', 'ENSG00000186350', 'ENSG00000166035', 'ENSG00000169902', 'ENSG00000102531']",0.65550613,fold_6
4.1,Curated_annotation,Periportal LSECs,1153,0.27474861917575416,0.2626946513202437,0.33651344319167387,257436,1089,765,388,2,"['ENSG00000173269', 'ENSG00000142910']","['ENSG00000173269', 'ENSG00000142910']",1.0,fold_6
4.1,Curated_annotation,Plasma cells,1994,0.8277631893053234,0.8690476190476191,0.6955867602808425,257475,209,607,1387,1,['ENSG00000170476'],"['ENSG00000170476', 'ENSG00000089063', 'ENSG00000176978']",0.61470795,fold_6
4.1,Curated_annotation,Stellate cells,1997,0.4777945827031486,0.5269143290371494,0.34802203304957435,257057,624,1302,695,2,"['ENSG00000142173', 'ENSG00000151388']","['ENSG00000142173', 'ENSG00000151388', 'ENSG00000169398', 'ENSG00000140262']",0.71708393,fold_6
4.1,Curated_annotation,Tem/Temra cytotoxic T cells,12662,0.15517897339970196,0.12933528875500416,0.7731006160164271,181118,65898,2873,9789,1,['ENSG00000198851'],['ENSG00000198851'],0.24707028,fold_6
4.1,Curated_annotation,Tem/Trm cytotoxic T cells,39056,0.4475869381336447,0.40520390967307046,0.7695616550594019,176503,44119,9000,30056,1,['ENSG00000198851'],['ENSG00000198851'],0.2596004,fold_6
4.1,Curated_annotation,pDC,1213,0.7656208098685975,0.9077901430842608,0.47073371805441055,258407,58,642,571,2,"['ENSG00000175857', 'ENSG00000170476']","['ENSG00000175857', 'ENSG00000170476', 'ENSG00000103275', 'ENSG00000176978', 'ENSG00000119707', 'ENSG00000115944']",0.692646,fold_6
4.1,Curated_annotation,B cells,2513,0.049351884885242,0.04199129818880907,0.16514126541981694,247697,9468,2098,415,3,"['ENSG00000168066', 'ENSG00000175567', 'ENSG00000212907']","['ENSG00000168066', 'ENSG00000175567', 'ENSG00000212907']",0.10439033,fold_7
4.1,Curated_annotation,CD16+ NK cells,11831,0.19494081306275057,0.17070051475525147,0.45127208181895023,221909,25938,6492,5339,2,"['ENSG00000175567', 'ENSG00000158869']","['ENSG00000175567', 'ENSG00000158869']",0.10513119,fold_7
4.1,Curated_annotation,CD16- NK cells,11492,0.21511996857246465,0.18845759290512593,0.49556213017751477,223662,24524,5797,5695,2,"['ENSG00000158869', 'ENSG00000212907']","['ENSG00000158869', 'ENSG00000212907']",0.10385981,fold_7
4.1,Curated_annotation,Central venous LSECs,10747,0.21200638837566155,0.19103607205003997,0.3779659439843677,231730,17201,6685,4062,1,['ENSG00000130449'],['ENSG00000130449'],0.11867286,fold_7
4.1,Curated_annotation,Cholangiocytes,3631,0.6263296208234264,0.918348623853211,0.27568163040484717,255958,89,2630,1001,2,"['ENSG00000035115', 'ENSG00000240583']","['ENSG00000035115', 'ENSG00000073350', 'ENSG00000080493', 'ENSG00000240583', 'ENSG00000196233', 'ENSG00000130449']",0.6416706,fold_7
4.1,Curated_annotation,Classical monocytes,18034,0.4598328844400144,0.45484581497797355,0.48092491959631806,231249,10395,9361,8673,2,"['ENSG00000116701', 'ENSG00000158869']","['ENSG00000116701', 'ENSG00000163162', 'ENSG00000158869', 'ENSG00000134825']",0.23178305,fold_7
4.1,Curated_annotation,DC1,1216,0.31512605042016806,0.39697542533081287,0.17269736842105263,258143,319,1006,210,4,"['ENSG00000103043', 'ENSG00000015475', 'ENSG00000125652', 'ENSG00000085871']","['ENSG00000103043', 'ENSG00000138385', 'ENSG00000140307', 'ENSG00000015475', 'ENSG00000125652', 'ENSG00000085871', 'ENSG00000168066', 'ENSG00000183726', 'ENSG00000175567', 'ENSG00000134825']",0.2945214,fold_7
4.1,Curated_annotation,DC2,1308,0.08513621794871795,0.07837713231904103,0.12996941896024464,256371,1999,1138,170,4,"['ENSG00000140307', 'ENSG00000138385', 'ENSG00000116701', 'ENSG00000015475']","['ENSG00000156587', 'ENSG00000140307', 'ENSG00000138385', 'ENSG00000116701', 'ENSG00000015475', 'ENSG00000178695', 'ENSG00000125652', 'ENSG00000085871', 'ENSG00000168066', 'ENSG00000183726']",0.372777,fold_7
4.1,Curated_annotation,Fibroblasts,1248,0.047165413066451174,0.03847860538827258,0.4863782051282051,243262,15168,641,607,1,['ENSG00000130449'],"['ENSG00000130449', 'ENSG00000165029']",0.20720996,fold_7
4.1,Curated_annotation,Immune mix,4861,0.09345409016276682,0.07759103641456583,0.5128574367414113,225180,29637,2368,2493,1,['ENSG00000212907'],['ENSG00000212907'],0.16497588,fold_7
4.1,Curated_annotation,Inflammatory macrophages,8426,0.30851501439736734,0.30567191214762823,0.32043674341324474,245119,6133,5726,2700,3,"['ENSG00000178695', 'ENSG00000125652', 'ENSG00000158869']","['ENSG00000178695', 'ENSG00000125652', 'ENSG00000183726', 'ENSG00000163162', 'ENSG00000158869', 'ENSG00000134825', 'ENSG00000175567']",0.2609416,fold_7
4.1,Curated_annotation,Interzonal hepatocytes,10200,0.32362529571288445,0.3035653879981057,0.4399019607843137,239184,10294,5713,4487,2,"['ENSG00000011347', 'ENSG00000162407']","['ENSG00000011347', 'ENSG00000100697', 'ENSG00000107864', 'ENSG00000028528', 'ENSG00000162407', 'ENSG00000196233', 'ENSG00000165029', 'ENSG00000085871', 'ENSG00000168066', 'ENSG00000130449']",0.63866085,fold_7
4.1,Curated_annotation,Macrophages,3510,0.4197901049475262,0.7088607594936709,0.15954415954415954,255938,230,2950,560,2,"['ENSG00000163162', 'ENSG00000130449']","['ENSG00000129003', 'ENSG00000163162', 'ENSG00000165029', 'ENSG00000130449']",0.17324263,fold_7
4.1,Curated_annotation,Migratory DCs,42,0.18518518518518517,0.6666666666666666,0.047619047619047616,259635,1,40,2,2,"['ENSG00000133106', 'ENSG00000277443']","['ENSG00000133106', 'ENSG00000277443', 'ENSG00000156587', 'ENSG00000183726', 'ENSG00000134825']",0.7875321,fold_7
4.1,Curated_annotation,Neutrophils,3002,0.9175386537560518,0.9587923296613627,0.7828114590273151,256575,101,652,2350,1,['ENSG00000162747'],"['ENSG00000162747', 'ENSG00000163162']",1.0,fold_7
4.1,Curated_annotation,Non-classical monocytes,11186,0.5497134590775051,0.6384491114701131,0.35329876631503665,246254,2238,7234,3952,2,"['ENSG00000015475', 'ENSG00000158869']","['ENSG00000116701', 'ENSG00000015475', 'ENSG00000163162', 'ENSG00000158869', 'ENSG00000134825', 'ENSG00000175567']",0.24488845,fold_7
4.1,Curated_annotation,Non-inflammatory macrophages,3976,0.5190677966101694,0.603558394160584,0.33274647887323944,254833,869,2653,1323,2,"['ENSG00000165029', 'ENSG00000158869']","['ENSG00000277443', 'ENSG00000178695', 'ENSG00000183726', 'ENSG00000165029', 'ENSG00000158869', 'ENSG00000163162', 'ENSG00000175567', 'ENSG00000134825', 'ENSG00000212907']",0.1261752,fold_7
4.1,Curated_annotation,Pericentral hepatocytes,27012,0.49326349504863215,0.4923014883789134,0.49714941507478155,218817,13849,13583,13429,2,"['ENSG00000147099', 'ENSG00000107864']","['ENSG00000147099', 'ENSG00000127663', 'ENSG00000018189', 'ENSG00000028528', 'ENSG00000100697', 'ENSG00000107864', 'ENSG00000196233', 'ENSG00000129003', 'ENSG00000080493', 'ENSG00000165029']",0.83574903,fold_7
4.1,Curated_annotation,Periportal LSECs,1153,0.6578523057078361,0.837782340862423,0.3538594969644406,258446,79,745,408,2,"['ENSG00000240583', 'ENSG00000125968']","['ENSG00000240583', 'ENSG00000125968', 'ENSG00000162407']",0.6396995,fold_7
4.1,Curated_annotation,Plasma cells,1994,0.19916222391469915,0.18785919540229884,0.2622868605817452,255423,2261,1471,523,2,"['ENSG00000125652', 'ENSG00000134825']","['ENSG00000125652', 'ENSG00000134825']",0.19553798,fold_7
4.1,Curated_annotation,Portal endothelial cells,747,0.1539250897896357,0.1411764705882353,0.24096385542168675,257836,1095,567,180,2,"['ENSG00000125968', 'ENSG00000212907']","['ENSG00000125968', 'ENSG00000162407', 'ENSG00000212907']",0.26456434,fold_7
4.1,Curated_annotation,Stellate cells,1997,0.17051956969558252,0.25126475548060706,0.07461191787681522,257237,444,1848,149,2,"['ENSG00000109220', 'ENSG00000165029']","['ENSG00000109220', 'ENSG00000165029', 'ENSG00000130449']",0.5904332,fold_7
4.1,Curated_annotation,Tem/Temra cytotoxic T cells,12662,0.12196169547823384,0.1028990509059534,0.47093666087505925,195029,51987,6699,5963,1,['ENSG00000175567'],['ENSG00000175567'],0.09502295,fold_7
4.1,Curated_annotation,pDC,1213,0.5558885226251123,0.6986817325800376,0.30585325638911787,258305,160,842,371,3,"['ENSG00000119866', 'ENSG00000085871', 'ENSG00000134825']","['ENSG00000119866', 'ENSG00000085871', 'ENSG00000183726', 'ENSG00000168066', 'ENSG00000175567', 'ENSG00000134825', 'ENSG00000158869']",0.29188946,fold_7
4.1,Curated_annotation,Cholangiocytes,3631,0.09855099604391489,0.08616455178059762,0.23189204076012118,247117,8930,2789,842,3,"['ENSG00000108846', 'ENSG00000198900', 'ENSG00000144224']","['ENSG00000108846', 'ENSG00000198900', 'ENSG00000144224']",0.2960081,fold_8
4.1,Curated_annotation,Classical monocytes,18034,0.2962840915699083,0.28723104387860565,0.33902628368637017,226472,15172,11920,6114,2,"['ENSG00000131238', 'ENSG00000164111']","['ENSG00000131238', 'ENSG00000164111']",0.1267108,fold_8
4.1,Curated_annotation,DC1,1216,0.23298429319371727,0.27342549923195086,0.14638157894736842,257989,473,1038,178,5,"['ENSG00000171314', 'ENSG00000075142', 'ENSG00000180817', 'ENSG00000179271', 'ENSG00000196419']","['ENSG00000171314', 'ENSG00000075142', 'ENSG00000134996', 'ENSG00000180817', 'ENSG00000179271', 'ENSG00000196419', 'ENSG00000124795', 'ENSG00000184752', 'ENSG00000131238', 'ENSG00000100664']",0.3379007,fold_8
4.1,Curated_annotation,DC2,1308,0.14227066817667045,0.13968033356497567,0.1536697247706422,257132,1238,1107,201,5,"['ENSG00000216490', 'ENSG00000184752', 'ENSG00000179271', 'ENSG00000180817', 'ENSG00000196419']","['ENSG00000216490', 'ENSG00000184752', 'ENSG00000179271', 'ENSG00000180817', 'ENSG00000196419', 'ENSG00000198900', 'ENSG00000124795', 'ENSG00000131238', 'ENSG00000100664', 'ENSG00000164111']",0.3051457,fold_8
4.1,Curated_annotation,Immune mix,4861,0.0937989903763211,0.07787880675094974,0.5145031886443119,225204,29613,2360,2501,1,['ENSG00000109072'],['ENSG00000109072'],1.0,fold_8
4.1,Curated_annotation,Inflammatory macrophages,8426,0.2602729647205974,0.24640835872877667,0.33586517920721576,242597,8655,5596,2830,3,"['ENSG00000184752', 'ENSG00000131238', 'ENSG00000164111']","['ENSG00000184752', 'ENSG00000124795', 'ENSG00000131238', 'ENSG00000100664', 'ENSG00000164111']",0.16911305,fold_8
4.1,Curated_annotation,Interzonal hepatocytes,10200,0.218436873747495,0.2046262152195776,0.2992156862745098,237615,11863,7148,3052,5,"['ENSG00000004864', 'ENSG00000117859', 'ENSG00000141338', 'ENSG00000166037', 'ENSG00000138592']","['ENSG00000004864', 'ENSG00000117859', 'ENSG00000141338', 'ENSG00000176771', 'ENSG00000166037', 'ENSG00000138592', 'ENSG00000121410', 'ENSG00000108846', 'ENSG00000198900', 'ENSG00000100664']",0.39325577,fold_8
4.1,Curated_annotation,Migratory DCs,42,0.24390243902439024,0.4,0.09523809523809523,259630,6,38,4,2,"['ENSG00000134996', 'ENSG00000180817']","['ENSG00000134996', 'ENSG00000136003', 'ENSG00000075142', 'ENSG00000104765', 'ENSG00000180817', 'ENSG00000196419', 'ENSG00000216490', 'ENSG00000184752', 'ENSG00000124795', 'ENSG00000144224']",0.5694654,fold_8
4.1,Curated_annotation,NK cells,1248,0.2137826961770624,0.24926686217008798,0.1362179487179487,257918,512,1078,170,1,['ENSG00000155903'],['ENSG00000155903'],1.0,fold_8
4.1,Curated_annotation,Non-classical monocytes,11186,0.332211754149843,0.3191581064578694,0.3971929197210799,239014,9478,6743,4443,2,"['ENSG00000216490', 'ENSG00000164111']","['ENSG00000216490', 'ENSG00000131238', 'ENSG00000164111']",0.31719697,fold_8
4.1,Curated_annotation,Non-inflammatory macrophages,3976,0.3748821125432254,0.43621399176954734,0.23993963782696176,254469,1233,3022,954,3,"['ENSG00000184060', 'ENSG00000104765', 'ENSG00000131238']","['ENSG00000184060', 'ENSG00000104765', 'ENSG00000131238', 'ENSG00000164111']",0.5393135,fold_8
4.1,Curated_annotation,Pericentral hepatocytes,27012,0.5511660363767333,0.6335468012161201,0.36257959425440545,227001,5665,17218,9794,3,"['ENSG00000134909', 'ENSG00000121671', 'ENSG00000101974']","['ENSG00000134909', 'ENSG00000121671', 'ENSG00000115970', 'ENSG00000101974', 'ENSG00000138592', 'ENSG00000176771', 'ENSG00000141338', 'ENSG00000166037', 'ENSG00000004864', 'ENSG00000117859']",1.0,fold_8
4.1,Curated_annotation,Periportal LSECs,1153,0.011844125459995613,0.009528851244044468,0.4215091066782307,208008,50517,667,486,1,['ENSG00000164111'],['ENSG00000164111'],0.04629403,fold_8
4.1,Curated_annotation,Periportal hepatocytes,34031,0.4865110786297153,0.580403025578844,0.29537774382180954,218380,7267,23979,10052,1,['ENSG00000121410'],['ENSG00000121410'],0.2325713,fold_8
4.1,Curated_annotation,Plasma cells,1994,0.7486136783733827,0.9484777517564403,0.4062186559679037,257640,44,1184,810,1,['ENSG00000132465'],"['ENSG00000048462', 'ENSG00000168374', 'ENSG00000187051', 'ENSG00000136003', 'ENSG00000132465', 'ENSG00000179271', 'ENSG00000198900', 'ENSG00000144224', 'ENSG00000100664']",0.27384228,fold_8
4.1,Curated_annotation,Portal endothelial cells,747,0.3059923501912452,0.2737642585551331,0.5783132530120482,257785,1146,315,432,1,['ENSG00000146374'],['ENSG00000146374'],1.0,fold_8
4.1,Curated_annotation,Stellate cells,1997,0.5909892794137603,0.6485480268056589,0.4361542313470205,257209,472,1126,871,1,['ENSG00000178031'],['ENSG00000178031'],1.0,fold_8
4.1,Curated_annotation,pDC,1213,0.574543929544978,0.6164229471316085,0.4517724649629019,258124,341,665,548,2,"['ENSG00000132465', 'ENSG00000121410']","['ENSG00000132465', 'ENSG00000121410', 'ENSG00000144224']",0.46686023,fold_8
4.1,Curated_annotation,B cells,2513,0.08347136964500308,0.07271184043004668,0.20453641066454437,250610,6555,1999,514,2,"['ENSG00000023445', 'ENSG00000117091']","['ENSG00000023445', 'ENSG00000117091']",0.1580043,fold_9
4.1,Curated_annotation,CD4 T cells,5879,0.06694716401003317,0.05459656346504078,0.7036911039292396,182162,71637,1742,4137,1,['ENSG00000116824'],"['ENSG00000116824', 'ENSG00000117091']",0.1969218,fold_9
4.1,Curated_annotation,CD16+ NK cells,11831,0.09176305063003042,0.07546295858659381,0.6747527681514665,150043,97804,3848,7983,1,['ENSG00000117091'],['ENSG00000117091'],0.083347,fold_9
4.1,Curated_annotation,CD16- NK cells,11492,0.09901965770668565,0.08221926015863171,0.5421162547859381,178643,69543,5262,6230,1,['ENSG00000116824'],['ENSG00000116824'],0.14958994,fold_9
4.1,Curated_annotation,Central venous LSECs,10747,0.23673381699195187,0.23028695442488545,0.26658602400669956,239355,9576,7882,2865,1,['ENSG00000173193'],['ENSG00000173193'],0.49352115,fold_9
4.1,Curated_annotation,Cholangiocytes,3631,0.039049082186144654,0.031673376911654394,0.5698154778297989,192793,63254,1562,2069,1,['ENSG00000052841'],"['ENSG00000052841', 'ENSG00000135090']",0.20497961,fold_9
4.1,Curated_annotation,DC1,1216,0.5153508771929824,0.6659919028340081,0.27055921052631576,258297,165,887,329,4,"['ENSG00000117362', 'ENSG00000182985', 'ENSG00000243317', 'ENSG00000023445']","['ENSG00000117362', 'ENSG00000182985', 'ENSG00000243317', 'ENSG00000023445', 'ENSG00000161203', 'ENSG00000111639', 'ENSG00000114902', 'ENSG00000135090']",0.38097227,fold_9
4.1,Curated_annotation,DC2,1308,0.10461760461760462,0.09931506849315068,0.13302752293577982,256792,1578,1134,174,5,"['ENSG00000161203', 'ENSG00000111639', 'ENSG00000148180', 'ENSG00000135090', 'ENSG00000114902']","['ENSG00000243317', 'ENSG00000161203', 'ENSG00000111639', 'ENSG00000148180', 'ENSG00000135090', 'ENSG00000114902']",0.13730328,fold_9
4.1,Curated_annotation,Fibroblasts,1248,0.6078066914498141,0.633107454017425,0.5240384615384616,258051,379,594,654,2,"['ENSG00000276644', 'ENSG00000196569']","['ENSG00000276644', 'ENSG00000196569', 'ENSG00000052841']",0.58574367,fold_9
4.1,Curated_annotation,Inflammatory macrophages,8426,0.3384556281213984,0.40036355373778687,0.20911464514597675,248613,2639,6664,1762,3,"['ENSG00000241399', 'ENSG00000161203', 'ENSG00000148180']","['ENSG00000241399', 'ENSG00000161203', 'ENSG00000148180', 'ENSG00000114902']",0.25400838,fold_9
4.1,Curated_annotation,Interzonal hepatocytes,10200,0.40399239543726234,0.7005494505494505,0.15,248824,654,8670,1530,2,"['ENSG00000228716', 'ENSG00000134538']","['ENSG00000228716', 'ENSG00000011347', 'ENSG00000169692', 'ENSG00000130005', 'ENSG00000134538', 'ENSG00000116704', 'ENSG00000188001', 'ENSG00000197081', 'ENSG00000196792', 'ENSG00000182985']",0.68609226,fold_9
4.1,Curated_annotation,MAIT cells,25463,0.31160080042455607,0.2845582677515451,0.5026901779051958,202033,32182,12663,12800,2,"['ENSG00000116824', 'ENSG00000117091']","['ENSG00000116824', 'ENSG00000117091']",0.15339959,fold_9
4.1,Curated_annotation,Macrophages,3510,0.2740466265246256,0.30072003388394747,0.2022792022792023,254517,1651,2800,710,1,['ENSG00000107099'],"['ENSG00000107099', 'ENSG00000173193', 'ENSG00000135090']",1.0,fold_9
4.1,Curated_annotation,Migratory DCs,42,0.4787234042553192,0.6923076923076923,0.21428571428571427,259632,4,33,9,2,"['ENSG00000169641', 'ENSG00000023445']","['ENSG00000123595', 'ENSG00000101265', 'ENSG00000100077', 'ENSG00000169641', 'ENSG00000023445', 'ENSG00000178719', 'ENSG00000243317', 'ENSG00000148180', 'ENSG00000161203', 'ENSG00000111639']",0.7905122,fold_9
4.1,Curated_annotation,NK cells,1248,0.19598649662415604,0.20470127326150833,0.1674679487179487,257618,812,1039,209,1,['ENSG00000154217'],['ENSG00000154217'],0.6142415,fold_9
4.1,Curated_annotation,Non-classical monocytes,11186,0.1112208701899331,0.09368204080860801,0.44287502234936527,200565,47927,6232,4954,2,"['ENSG00000114902', 'ENSG00000117091']","['ENSG00000114902', 'ENSG00000117091']",0.095200226,fold_9
4.1,Curated_annotation,Non-inflammatory macrophages,3976,0.42066957787481807,0.4735764031134781,0.29074446680080485,254417,1285,2820,1156,2,"['ENSG00000136235', 'ENSG00000178719']","['ENSG00000136235', 'ENSG00000241399', 'ENSG00000178719', 'ENSG00000114902']",0.73062235,fold_9
4.1,Curated_annotation,Pericentral hepatocytes,27012,0.5800007358081013,0.6173878989622087,0.4669035984007108,224850,7816,14400,12612,3,"['ENSG00000134538', 'ENSG00000188001', 'ENSG00000154217']","['ENSG00000115756', 'ENSG00000134538', 'ENSG00000197081', 'ENSG00000188001', 'ENSG00000116704', 'ENSG00000154217', 'ENSG00000130005', 'ENSG00000182985', 'ENSG00000196792', 'ENSG00000052841']",0.6120895,fold_9
4.1,Curated_annotation,Periportal LSECs,1153,0.11385294412679306,0.10299455535390199,0.19687771032090198,256548,1977,926,227,1,['ENSG00000148180'],['ENSG00000148180'],0.19026434,fold_9
4.1,Curated_annotation,Plasma cells,1994,0.2465627864344638,0.24136384028712426,0.26980942828485455,255993,1691,1456,538,2,"['ENSG00000111639', 'ENSG00000114902']","['ENSG00000111639', 'ENSG00000114902']",0.22159326,fold_9
4.1,Curated_annotation,Portal endothelial cells,747,0.4960835509138381,0.6506849315068494,0.2543507362784471,258829,102,557,190,2,"['ENSG00000146374', 'ENSG00000148180']","['ENSG00000146374', 'ENSG00000148180']",0.57725424,fold_9
4.1,Curated_annotation,Stellate cells,1997,0.5323891005823568,0.49731363331094697,0.7416124186279419,256184,1497,516,1481,1,['ENSG00000196569'],"['ENSG00000196569', 'ENSG00000276644', 'ENSG00000196792', 'ENSG00000052841']",0.4927607,fold_9
4.1,Curated_annotation,Tem/Temra cytotoxic T cells,12662,0.1500754492660844,0.1274389888752985,0.5184015163481283,202073,44943,6098,6564,2,"['ENSG00000116824', 'ENSG00000117091']","['ENSG00000116824', 'ENSG00000117091']",0.15367177,fold_9
4.1,Curated_annotation,Tem/Trm cytotoxic T cells,39056,0.46075423920985664,0.42030338724969113,0.7491550594018844,180267,40355,9797,29259,1,['ENSG00000116824'],"['ENSG00000116824', 'ENSG00000117091']",0.23940703,fold_9
4.1,Curated_annotation,pDC,1213,0.4764930114358323,0.7839721254355401,0.18549051937345423,258403,62,988,225,3,"['ENSG00000114902', 'ENSG00000148180', 'ENSG00000188243']","['ENSG00000165025', 'ENSG00000114902', 'ENSG00000111639', 'ENSG00000148180', 'ENSG00000188243']",0.119903564,fold_9
4.1,Curated_annotation,B cells,2513,0.020564806810465765,0.016576450590121642,0.5471547950656586,175591,81574,1138,1375,1,['ENSG00000162191'],['ENSG00000162191'],0.09965306,fold_10
4.1,Curated_annotation,CD4 T cells,5879,0.04501863107371452,0.03668402689993427,0.49362136417758123,177593,76206,2977,2902,1,['ENSG00000162191'],['ENSG00000162191'],0.086967826,fold_10
4.1,Curated_annotation,CD16+ NK cells,11831,0.1260450693104612,0.10905134420449537,0.334629363536472,215502,32345,7872,3959,2,"['ENSG00000162191', 'ENSG00000101109']","['ENSG00000162191', 'ENSG00000101109']",0.094709225,fold_10
4.1,Curated_annotation,CD16- NK cells,11492,0.10379919762052985,0.08588393804623878,0.6267838496345284,171520,76666,4289,7203,1,['ENSG00000101109'],['ENSG00000101109'],0.09604702,fold_10
4.1,Curated_annotation,Central venous LSECs,10747,0.6914699525640666,0.7921221864951768,0.458453521913092,247638,1293,5820,4927,1,['ENSG00000073849'],"['ENSG00000260314', 'ENSG00000073849', 'ENSG00000074054', 'ENSG00000115504', 'ENSG00000131374']",0.36157662,fold_10
4.1,Curated_annotation,Cholangiocytes,3631,0.07046483259958267,0.05766843185446069,0.6268245662351969,218856,37191,1355,2276,1,['ENSG00000106078'],"['ENSG00000142687', 'ENSG00000106078', 'ENSG00000163581', 'ENSG00000102910', 'ENSG00000198265', 'ENSG00000073849', 'ENSG00000115504', 'ENSG00000131374']",0.3686028,fold_10
4.1,Curated_annotation,Classical monocytes,18034,0.7374940581047451,0.7889030135347341,0.585006099589664,238821,2823,7484,10550,2,"['ENSG00000038427', 'ENSG00000120742']","['ENSG00000038427', 'ENSG00000131238', 'ENSG00000143977', 'ENSG00000120742', 'ENSG00000162191']",0.5505857,fold_10
4.1,Curated_annotation,DC1,1216,0.33653846153846156,0.39361702127659576,0.21299342105263158,258063,399,957,259,5,"['ENSG00000187164', 'ENSG00000143612', 'ENSG00000172354', 'ENSG00000131238', 'ENSG00000143977']","['ENSG00000187164', 'ENSG00000143612', 'ENSG00000172354', 'ENSG00000131238', 'ENSG00000137161', 'ENSG00000143977', 'ENSG00000162191']",0.25049654,fold_10
4.1,Curated_annotation,DC2,1308,0.08059264083360469,0.07215743440233237,0.15137614678899083,255824,2546,1110,198,5,"['ENSG00000143612', 'ENSG00000123358', 'ENSG00000137161', 'ENSG00000131238', 'ENSG00000143977']","['ENSG00000143612', 'ENSG00000123358', 'ENSG00000137161', 'ENSG00000172354', 'ENSG00000131238', 'ENSG00000143977', 'ENSG00000162191']",0.25537214,fold_10
4.1,Curated_annotation,Fibroblasts,1248,0.4093198992443325,0.40752351097178685,0.4166666666666667,257674,756,728,520,2,"['ENSG00000172572', 'ENSG00000115504']","['ENSG00000172572', 'ENSG00000074054', 'ENSG00000198265', 'ENSG00000115504', 'ENSG00000131374']",0.39933166,fold_10
4.1,Curated_annotation,Inflammatory macrophages,8426,0.3351489907081064,0.3672752808988764,0.24827913600759555,247648,3604,6334,2092,3,"['ENSG00000095794', 'ENSG00000154589', 'ENSG00000131238']","['ENSG00000095794', 'ENSG00000154589', 'ENSG00000137161', 'ENSG00000172354', 'ENSG00000131238', 'ENSG00000143977', 'ENSG00000162191']",0.39750838,fold_10
4.1,Curated_annotation,Interzonal hepatocytes,10200,0.2824182623420607,0.27093095907528897,0.34009803921568627,240143,9335,6731,3469,4,"['ENSG00000091436', 'ENSG00000161533', 'ENSG00000112893', 'ENSG00000132703']","['ENSG00000091436', 'ENSG00000130988', 'ENSG00000197408', 'ENSG00000161533', 'ENSG00000112893', 'ENSG00000132703', 'ENSG00000113924', 'ENSG00000163581', 'ENSG00000102910', 'ENSG00000106078']",0.47429445,fold_10
4.1,Curated_annotation,Macrophages,3510,0.2785415421398685,0.2819969742813918,0.2655270655270655,253795,2373,2578,932,1,['ENSG00000048740'],"['ENSG00000131374', 'ENSG00000048740']",0.11104886,fold_10
4.1,Curated_annotation,Migratory DCs,42,0.08302583025830258,0.072,0.21428571428571427,259520,116,33,9,3,"['ENSG00000158488', 'ENSG00000143977', 'ENSG00000101109']","['ENSG00000158488', 'ENSG00000172354', 'ENSG00000143977', 'ENSG00000101109', 'ENSG00000162191']",0.11780571,fold_10
4.1,Curated_annotation,NK cells,1248,0.23026315789473684,0.3125,0.11217948717948718,258122,308,1108,140,2,"['ENSG00000065413', 'ENSG00000048740']","['ENSG00000065413', 'ENSG00000048740']",0.55765945,fold_10
4.1,Curated_annotation,Non-classical monocytes,11186,0.43990508856834093,0.47737412364563414,0.33479349186483104,244392,4100,7441,3745,2,"['ENSG00000140105', 'ENSG00000123358']","['ENSG00000140105', 'ENSG00000123358', 'ENSG00000172354', 'ENSG00000131238', 'ENSG00000143977', 'ENSG00000162191', 'ENSG00000120742']",0.7840058,fold_10
4.1,Curated_annotation,Non-inflammatory macrophages,3976,0.2753890253890254,0.2631578947368421,0.33827967806841047,251936,3766,2631,1345,3,"['ENSG00000135677', 'ENSG00000154589', 'ENSG00000131238']","['ENSG00000135677', 'ENSG00000154589', 'ENSG00000131238']",0.6024916,fold_10
4.1,Curated_annotation,Pericentral hepatocytes,27012,0.553072138970056,0.5402618657937807,0.6110247297497409,218621,14045,10507,16505,3,"['ENSG00000130988', 'ENSG00000161533', 'ENSG00000113924']","['ENSG00000171385', 'ENSG00000197408', 'ENSG00000112893', 'ENSG00000130988', 'ENSG00000161533', 'ENSG00000113924', 'ENSG00000106078', 'ENSG00000163581', 'ENSG00000102910', 'ENSG00000132703']",0.5444452,fold_10
4.1,Curated_annotation,Periportal hepatocytes,34031,0.3932423232648966,0.38095356159968263,0.45150010284740383,200679,24968,18666,15365,1,['ENSG00000132703'],"['ENSG00000113924', 'ENSG00000132703']",0.19558464,fold_10
4.1,Curated_annotation,Plasma cells,1994,0.05954097820264535,0.04967342729460296,0.28986960882647944,246626,11058,1416,578,2,"['ENSG00000143977', 'ENSG00000120742']","['ENSG00000143977', 'ENSG00000120742']",0.11127792,fold_10
4.1,Curated_annotation,Portal endothelial cells,747,0.035562119128855395,0.028815074616601336,0.5609103078982597,244809,14122,328,419,1,['ENSG00000260314'],"['ENSG00000260314', 'ENSG00000073849']",0.4134139,fold_10
4.1,Curated_annotation,Stellate cells,1997,0.36047430830039523,0.4214417744916821,0.22834251377065598,257055,626,1541,456,2,"['ENSG00000172572', 'ENSG00000115504']","['ENSG00000172572', 'ENSG00000115504', 'ENSG00000074054', 'ENSG00000131374']",0.32513916,fold_10
4.1,Curated_annotation,Tem/Temra cytotoxic T cells,12662,0.11496390631403083,0.09579469937747892,0.5760543358079292,178168,68848,5368,7294,1,['ENSG00000101109'],['ENSG00000101109'],0.09646608,fold_10
4.1,Curated_annotation,Tem/Trm cytotoxic T cells,39056,0.34685642260516214,0.31620694583392883,0.566494264645637,172777,47845,16931,22125,1,['ENSG00000101109'],['ENSG00000101109'],0.101844065,fold_10
4.1,Curated_annotation,pDC,1213,0.17491189139798982,0.1662531017369727,0.22093981863149217,257121,1344,945,268,5,"['ENSG00000188404', 'ENSG00000137161', 'ENSG00000143977', 'ENSG00000162191', 'ENSG00000120742']","['ENSG00000188404', 'ENSG00000137161', 'ENSG00000143977', 'ENSG00000162191', 'ENSG00000120742']",0.14405933,fold_10
4.1,Curated_annotation,CD16+ NK cells,11831,0.3299243199018204,0.31471123829344433,0.40901022736877696,237310,10537,6992,4839,2,"['ENSG00000150045', 'ENSG00000254999']","['ENSG00000150045', 'ENSG00000134884', 'ENSG00000254999']",0.21276373,fold_11
4.1,Curated_annotation,CD16- NK cells,11492,0.46305075292805353,0.4411237298266587,0.5779672815871911,239771,8415,4850,6642,2,"['ENSG00000150045', 'ENSG00000145675']","['ENSG00000150045', 'ENSG00000145675', 'ENSG00000134884']",0.28780723,fold_11
4.1,Curated_annotation,Central venous LSECs,10747,0.32517371361097236,0.5081618168914124,0.1332464873918303,247545,1386,9315,1432,2,"['ENSG00000134884', 'ENSG00000162599']","['ENSG00000109906', 'ENSG00000134884', 'ENSG00000162599', 'ENSG00000257017']",0.1163909,fold_11
4.1,Curated_annotation,Cholangiocytes,3631,0.06773470926096974,0.05636042402826855,0.35141834205453043,234683,21364,2355,1276,3,"['ENSG00000109906', 'ENSG00000162599', 'ENSG00000009307']","['ENSG00000052126', 'ENSG00000109906', 'ENSG00000182463', 'ENSG00000145675', 'ENSG00000162599', 'ENSG00000009307', 'ENSG00000257017']",0.12663329,fold_11
4.1,Curated_annotation,Classical monocytes,18034,0.25693611076283784,0.24514034263254583,0.3181767771986248,223975,17669,12296,5738,3,"['ENSG00000129824', 'ENSG00000254999', 'ENSG00000136888']","['ENSG00000129824', 'ENSG00000254999', 'ENSG00000136888']",0.112605646,fold_11
4.1,Curated_annotation,DC1,1216,0.4122834158415842,0.40625,0.43832236842105265,257683,779,683,533,3,"['ENSG00000102445', 'ENSG00000152234', 'ENSG00000254999']","['ENSG00000102445', 'ENSG00000136240', 'ENSG00000129824', 'ENSG00000114850', 'ENSG00000152234', 'ENSG00000254999', 'ENSG00000009307']",0.15896825,fold_11
4.1,Curated_annotation,DC2,1308,0.10740700456819666,0.09250585480093677,0.30198776758409784,254495,3875,913,395,4,"['ENSG00000105383', 'ENSG00000114850', 'ENSG00000152234', 'ENSG00000254999']","['ENSG00000105383', 'ENSG00000129824', 'ENSG00000114850', 'ENSG00000152234', 'ENSG00000254999', 'ENSG00000009307']",0.15463695,fold_11
4.1,Curated_annotation,Fibroblasts,1248,0.22058823529411764,0.45454545454545453,0.07211538461538461,258322,108,1158,90,3,"['ENSG00000039560', 'ENSG00000075651', 'ENSG00000109906']","['ENSG00000039560', 'ENSG00000075651', 'ENSG00000052126', 'ENSG00000109906', 'ENSG00000182463', 'ENSG00000162599', 'ENSG00000145675']",0.5838511,fold_11
4.1,Curated_annotation,Immune mix,4861,0.08064782836705865,0.0660348162475822,0.7023246245628472,206531,48286,1447,3414,1,['ENSG00000257017'],['ENSG00000257017'],0.15812844,fold_11
4.1,Curated_annotation,Inflammatory macrophages,8426,0.3786616500940607,0.3916064480266815,0.3344410159031569,246874,4378,5608,2818,3,"['ENSG00000143226', 'ENSG00000129824', 'ENSG00000114850']","['ENSG00000143226', 'ENSG00000129824', 'ENSG00000114850', 'ENSG00000152234', 'ENSG00000009307', 'ENSG00000254999']",0.20336995,fold_11
4.1,Curated_annotation,Interzonal hepatocytes,10200,0.29690346083788705,0.30937129300118626,0.2556862745098039,243656,5822,7592,2608,4,"['ENSG00000091436', 'ENSG00000113013', 'ENSG00000151655', 'ENSG00000214456']","['ENSG00000187193', 'ENSG00000091436', 'ENSG00000113013', 'ENSG00000151655', 'ENSG00000160868', 'ENSG00000214456', 'ENSG00000106617', 'ENSG00000158104', 'ENSG00000052126', 'ENSG00000257017']",0.7727399,fold_11
4.1,Curated_annotation,Macrophages,3510,0.026827359995185217,0.021690997566909977,0.507977207977208,175751,80417,1727,1783,1,['ENSG00000257017'],['ENSG00000257017'],0.04363311,fold_11
4.1,Curated_annotation,Migratory DCs,42,0.1694915254237288,0.21052631578947367,0.09523809523809523,259621,15,38,4,5,"['ENSG00000163297', 'ENSG00000160050', 'ENSG00000082153', 'ENSG00000129824', 'ENSG00000009307']","['ENSG00000163297', 'ENSG00000160050', 'ENSG00000082153', 'ENSG00000158092', 'ENSG00000129824', 'ENSG00000009307', 'ENSG00000152234', 'ENSG00000254999', 'ENSG00000134884']",1.0,fold_11
4.1,Curated_annotation,NK cells,1248,0.061293688054251436,0.058566978193146414,0.07532051282051282,256919,1511,1154,94,2,"['ENSG00000150045', 'ENSG00000145675']","['ENSG00000150045', 'ENSG00000145675']",0.20446344,fold_11
4.1,Curated_annotation,Non-classical monocytes,11186,0.20838162731397158,0.20460087790603154,0.22501340961916683,238707,9785,8669,2517,4,"['ENSG00000129824', 'ENSG00000152234', 'ENSG00000254999', 'ENSG00000136888']","['ENSG00000129824', 'ENSG00000152234', 'ENSG00000254999', 'ENSG00000136888']",0.11820922,fold_11
4.1,Curated_annotation,Non-inflammatory macrophages,3976,0.11852004534679995,0.10563784590653347,0.23138832997987926,247913,7789,3056,920,3,"['ENSG00000172725', 'ENSG00000114850', 'ENSG00000009307']","['ENSG00000172725', 'ENSG00000114850', 'ENSG00000009307', 'ENSG00000254999']",0.12217296,fold_11
4.1,Curated_annotation,Pericentral hepatocytes,27012,0.6538158043061661,0.7009063444108762,0.5153265215459796,226726,5940,13092,13920,2,"['ENSG00000081377', 'ENSG00000160868']","['ENSG00000081377', 'ENSG00000160868', 'ENSG00000174990', 'ENSG00000008294', 'ENSG00000214456', 'ENSG00000106617', 'ENSG00000151655', 'ENSG00000158104', 'ENSG00000052126', 'ENSG00000182463']",0.7916077,fold_11
4.1,Curated_annotation,Periportal LSECs,1153,0.029907130489532505,0.02441810652577467,0.2966175195143105,244861,13664,811,342,2,"['ENSG00000134884', 'ENSG00000257017']","['ENSG00000162599', 'ENSG00000134884', 'ENSG00000257017']",0.09409717,fold_11
4.1,Curated_annotation,Periportal hepatocytes,34031,0.4807017156889776,0.4395515740289426,0.7684758014751256,192302,33345,7879,26152,1,['ENSG00000257017'],"['ENSG00000158104', 'ENSG00000257017']",0.17651877,fold_11
4.1,Curated_annotation,Plasma cells,1994,0.5500605571255551,0.7364864864864865,0.2733199598796389,257489,195,1449,545,3,"['ENSG00000136240', 'ENSG00000114850', 'ENSG00000152234']","['ENSG00000136240', 'ENSG00000114850', 'ENSG00000152234', 'ENSG00000009307', 'ENSG00000254999']",0.28915688,fold_11
4.1,Curated_annotation,Portal endothelial cells,747,0.09361702127659574,0.205607476635514,0.029451137884872823,258846,85,725,22,2,"['ENSG00000182463', 'ENSG00000162599']","['ENSG00000182463', 'ENSG00000162599', 'ENSG00000257017', 'ENSG00000134884']",0.136005,fold_11
4.1,Curated_annotation,Stellate cells,1997,0.1378107283035325,0.13350232361639205,0.15823735603405106,255630,2051,1681,316,2,"['ENSG00000075651', 'ENSG00000109906']","['ENSG00000075651', 'ENSG00000106617', 'ENSG00000052126', 'ENSG00000109906', 'ENSG00000182463', 'ENSG00000162599', 'ENSG00000145675', 'ENSG00000257017']",0.30242777,fold_11
4.1,Curated_annotation,pDC,1213,0.07952517650709907,0.07022953066118534,0.169002473206925,255751,2714,1008,205,6,"['ENSG00000114850', 'ENSG00000152234', 'ENSG00000254999', 'ENSG00000009307', 'ENSG00000134884', 'ENSG00000136888']","['ENSG00000114850', 'ENSG00000152234', 'ENSG00000254999', 'ENSG00000009307', 'ENSG00000134884', 'ENSG00000136888']",0.112082526,fold_11
4.1,Curated_annotation,CD4 T cells,5879,0.06694716401003317,0.05459656346504078,0.7036911039292396,182162,71637,1742,4137,1,['ENSG00000116824'],['ENSG00000116824'],0.1969218,fold_12
4.1,Curated_annotation,CD16- NK cells,11492,0.1319679430097952,0.11126752632468044,0.5158371040723982,200837,47349,5564,5928,1,['ENSG00000125354'],"['ENSG00000125354', 'ENSG00000116824']",0.30266643,fold_12
4.1,Curated_annotation,Central venous LSECs,10747,0.6305904230590423,0.6304731802547179,0.631059830650414,244956,3975,3965,6782,1,['ENSG00000172889'],"['ENSG00000172889', 'ENSG00000128512']",0.3942366,fold_12
4.1,Curated_annotation,Cholangiocytes,3631,0.21427951765420317,0.2502532928064843,0.13605067474524923,254567,1480,3137,494,3,"['ENSG00000213853', 'ENSG00000171634', 'ENSG00000009307']","['ENSG00000213853', 'ENSG00000112701', 'ENSG00000171634', 'ENSG00000147202', 'ENSG00000100354', 'ENSG00000009307']",0.19175832,fold_12
4.1,Curated_annotation,Classical monocytes,18034,0.3647777009905552,0.3387286534279297,0.5268381945214594,223096,18548,8533,9501,1,['ENSG00000197629'],"['ENSG00000166927', 'ENSG00000197629']",0.14916138,fold_12
4.1,Curated_annotation,DC1,1216,0.30193236714975846,0.34199726402188785,0.20559210526315788,257981,481,966,250,5,"['ENSG00000214113', 'ENSG00000143222', 'ENSG00000125354', 'ENSG00000197629', 'ENSG00000116473']","['ENSG00000214113', 'ENSG00000090060', 'ENSG00000143222', 'ENSG00000125354', 'ENSG00000197629', 'ENSG00000116473', 'ENSG00000178127', 'ENSG00000009307']",0.22211058,fold_12
4.1,Curated_annotation,DC2,1308,0.11463994565217392,0.11790393013100436,0.10321100917431193,257360,1010,1173,135,6,"['ENSG00000090060', 'ENSG00000143222', 'ENSG00000125354', 'ENSG00000116473', 'ENSG00000166927', 'ENSG00000178127']","['ENSG00000090060', 'ENSG00000143222', 'ENSG00000125354', 'ENSG00000116473', 'ENSG00000166927', 'ENSG00000178127', 'ENSG00000009307']",0.20896772,fold_12
4.1,Curated_annotation,Fibroblasts,1248,0.07522407170294494,0.10021321961620469,0.03766025641025641,258008,422,1201,47,4,"['ENSG00000148634', 'ENSG00000112701', 'ENSG00000171634', 'ENSG00000147202']","['ENSG00000148634', 'ENSG00000112701', 'ENSG00000128512', 'ENSG00000171634', 'ENSG00000147202', 'ENSG00000100354']",0.236587,fold_12
4.1,Curated_annotation,Inflammatory macrophages,8426,0.2904427882507672,0.2923510664378524,0.2830524566816995,245479,5773,6041,2385,3,"['ENSG00000143222', 'ENSG00000166927', 'ENSG00000178127']","['ENSG00000143222', 'ENSG00000166927', 'ENSG00000116473', 'ENSG00000178127', 'ENSG00000009307']",0.20709604,fold_12
4.1,Curated_annotation,Interzonal hepatocytes,10200,0.2600833992379035,0.2547759485870235,0.28372549019607846,241013,8465,7306,2894,4,"['ENSG00000116690', 'ENSG00000166035', 'ENSG00000157131', 'ENSG00000004866']","['ENSG00000116690', 'ENSG00000166035', 'ENSG00000157131', 'ENSG00000153086', 'ENSG00000004866', 'ENSG00000159023', 'ENSG00000095203', 'ENSG00000132703', 'ENSG00000166741', 'ENSG00000213853']",0.4800055,fold_12
4.1,Curated_annotation,MAIT cells,25463,0.31160080042455607,0.2845582677515451,0.5026901779051958,202033,32182,12663,12800,2,"['ENSG00000116824', 'ENSG00000117091']","['ENSG00000116824', 'ENSG00000117091']",0.15339959,fold_12
4.1,Curated_annotation,Macrophages,3510,0.2130783555364561,0.22770761576731727,0.16951566951566951,254150,2018,2915,595,2,"['ENSG00000128512', 'ENSG00000147202']","['ENSG00000128512', 'ENSG00000147202', 'ENSG00000100354']",0.15827799,fold_12
4.1,Curated_annotation,Migratory DCs,42,0.0009365926758452749,0.00074956899782625,0.47619047619047616,232974,26662,22,20,2,"['ENSG00000178127', 'ENSG00000009307']","['ENSG00000178127', 'ENSG00000009307']",0.1566945,fold_12
4.1,Curated_annotation,NK cells,1248,0.13766519823788545,0.2032520325203252,0.06009615384615385,258136,294,1173,75,2,"['ENSG00000171634', 'ENSG00000100354']","['ENSG00000171634', 'ENSG00000100354']",0.19846898,fold_12
4.1,Curated_annotation,Neutrophils,3002,0.7555199730321929,0.8091155234657039,0.5972684876748834,256253,423,1209,1793,1,['ENSG00000120129'],['ENSG00000120129'],0.12138656,fold_12
4.1,Curated_annotation,Non-classical monocytes,11186,0.3460779629144381,0.30298225490857567,0.8028785982478097,227831,20661,2205,8981,1,['ENSG00000166927'],"['ENSG00000166927', 'ENSG00000116473', 'ENSG00000197629']",0.23474708,fold_12
4.1,Curated_annotation,Non-inflammatory macrophages,3976,0.5965613060090309,0.7289124668435013,0.3455734406438632,255191,511,2602,1374,3,"['ENSG00000182853', 'ENSG00000166927', 'ENSG00000197629']","['ENSG00000182853', 'ENSG00000166927', 'ENSG00000197629', 'ENSG00000116473', 'ENSG00000009307']",0.32809484,fold_12
4.1,Curated_annotation,Pericentral hepatocytes,27012,0.588378389812582,0.6589670694148306,0.4118910114023397,226908,5758,15886,11126,2,"['ENSG00000122787', 'ENSG00000101974']","['ENSG00000122787', 'ENSG00000101974', 'ENSG00000095203', 'ENSG00000159023', 'ENSG00000153086', 'ENSG00000166035', 'ENSG00000157131', 'ENSG00000132703', 'ENSG00000213853', 'ENSG00000166741']",1.0,fold_12
4.1,Curated_annotation,Periportal LSECs,1153,0.22000407414952128,0.23003194888178913,0.1873373807458803,257802,723,937,216,2,"['ENSG00000213853', 'ENSG00000172889']","['ENSG00000213853', 'ENSG00000172889']",0.32497233,fold_12
4.1,Curated_annotation,Periportal hepatocytes,34031,0.5183208317171375,0.5093549512790916,0.5575798536628368,207369,18278,15056,18975,1,['ENSG00000166741'],"['ENSG00000132703', 'ENSG00000166741']",0.3002562,fold_12
4.1,Curated_annotation,Plasma cells,1994,0.4293236127987039,0.5760869565217391,0.21263791374122368,257372,312,1570,424,4,"['ENSG00000167077', 'ENSG00000076554', 'ENSG00000143222', 'ENSG00000009307']","['ENSG00000167077', 'ENSG00000076554', 'ENSG00000143222', 'ENSG00000178127', 'ENSG00000009307']",0.632895,fold_12
4.1,Curated_annotation,Portal endothelial cells,747,0.04320247219793848,0.03509496284062758,0.5689424364123159,247246,11685,322,425,1,['ENSG00000172889'],['ENSG00000172889'],0.30345333,fold_12
4.1,Curated_annotation,Stellate cells,1997,0.38889937700585236,0.4993939393939394,0.20630946419629445,257268,413,1585,412,2,"['ENSG00000141448', 'ENSG00000147202']","['ENSG00000141448', 'ENSG00000175115', 'ENSG00000148634', 'ENSG00000112701', 'ENSG00000166741', 'ENSG00000147202', 'ENSG00000171634', 'ENSG00000100354']",0.60604805,fold_12
4.1,Curated_annotation,Tem/Temra cytotoxic T cells,12662,0.13994517578809804,0.11666467376140938,0.6934923392828937,180530,66486,3881,8781,1,['ENSG00000116824'],['ENSG00000116824'],0.20989224,fold_12
4.1,Curated_annotation,Tem/Trm cytotoxic T cells,39056,0.46075423920985664,0.42030338724969113,0.7491550594018844,180267,40355,9797,29259,1,['ENSG00000116824'],['ENSG00000116824'],0.23940703,fold_12
4.1,Curated_annotation,pDC,1213,0.24531480311644557,0.26357466063348417,0.19208573784006594,257814,651,980,233,4,"['ENSG00000125354', 'ENSG00000197629', 'ENSG00000178127', 'ENSG00000100354']","['ENSG00000125354', 'ENSG00000197629', 'ENSG00000178127', 'ENSG00000100354', 'ENSG00000009307']",0.18751591,fold_12
4.1,Curated_annotation,CD4 T cells,5879,0.1231321956397485,0.10896741094009683,0.25650620853886713,241468,12331,4371,1508,3,"['ENSG00000168685', 'ENSG00000142168', 'ENSG00000132341']","['ENSG00000168685', 'ENSG00000142168', 'ENSG00000132341']",0.12247987,fold_13
4.1,Curated_annotation,CD16+ NK cells,11831,0.11402115768781637,0.09418084744086919,0.7246217564026709,165393,82454,3258,8573,1,['ENSG00000158050'],['ENSG00000158050'],0.16730838,fold_13
4.1,Curated_annotation,CD16- NK cells,11492,0.09785745886615965,0.08332959590976365,0.32335537765402017,207308,40878,7776,3716,2,"['ENSG00000158050', 'ENSG00000132341']","['ENSG00000158050', 'ENSG00000132341']",0.11359283,fold_13
4.1,Curated_annotation,Cholangiocytes,3631,0.12685248130523452,0.11259956553222303,0.2569540071605618,248694,7353,2698,933,2,"['ENSG00000140416', 'ENSG00000140859']","['ENSG00000140416', 'ENSG00000123684', 'ENSG00000140859', 'ENSG00000109819', 'ENSG00000082438', 'ENSG00000170145', 'ENSG00000184903', 'ENSG00000152558', 'ENSG00000067900']",0.3786145,fold_13
4.1,Curated_annotation,DC1,1216,0.38019693654266956,0.4557377049180328,0.22861842105263158,258130,332,938,278,4,"['ENSG00000064666', 'ENSG00000179820', 'ENSG00000179163', 'ENSG00000143420']","['ENSG00000126247', 'ENSG00000064666', 'ENSG00000179820', 'ENSG00000179163', 'ENSG00000143420', 'ENSG00000105404', 'ENSG00000133226', 'ENSG00000169021', 'ENSG00000124783', 'ENSG00000116489']",0.4801911,fold_13
4.1,Curated_annotation,DC2,1308,0.1428794503435353,0.14364207221350078,0.13990825688073394,257279,1091,1125,183,4,"['ENSG00000064666', 'ENSG00000150782', 'ENSG00000169021', 'ENSG00000124783']","['ENSG00000064666', 'ENSG00000150782', 'ENSG00000143420', 'ENSG00000133226', 'ENSG00000169021', 'ENSG00000124783', 'ENSG00000116489', 'ENSG00000067900', 'ENSG00000152558', 'ENSG00000158050']",0.31807202,fold_13
4.1,Curated_annotation,Fibroblasts,1248,0.018534820031298905,0.014918910407809793,0.6073717948717948,208380,50050,490,758,1,['ENSG00000184903'],"['ENSG00000082438', 'ENSG00000184903']",0.19218302,fold_13
4.1,Curated_annotation,Inflammatory macrophages,8426,0.3038916739883198,0.3107822410147992,0.27913600759553764,246036,5216,6074,2352,2,"['ENSG00000150782', 'ENSG00000169021']","['ENSG00000150782', 'ENSG00000133226', 'ENSG00000169021', 'ENSG00000067900', 'ENSG00000116489', 'ENSG00000152558', 'ENSG00000142168', 'ENSG00000132341']",0.26265213,fold_13
4.1,Curated_annotation,Interzonal hepatocytes,10200,0.24296870233664816,0.23018568022541724,0.3123529411764706,238823,10655,7014,3186,4,"['ENSG00000162368', 'ENSG00000136052', 'ENSG00000109819', 'ENSG00000123684']","['ENSG00000162368', 'ENSG00000136052', 'ENSG00000206560', 'ENSG00000109819', 'ENSG00000123684', 'ENSG00000140859', 'ENSG00000082438', 'ENSG00000170145', 'ENSG00000184903', 'ENSG00000152558']",0.39546725,fold_13
4.1,Curated_annotation,MAIT cells,25463,0.5770913770913771,0.5680469089329666,0.6163452853159487,222281,11934,9769,15694,2,"['ENSG00000168685', 'ENSG00000158050']","['ENSG00000168685', 'ENSG00000158050', 'ENSG00000132341']",0.25944945,fold_13
4.1,Curated_annotation,Macrophages,3510,0.39102847867788104,0.4221425726802071,0.301994301994302,254717,1451,2450,1060,1,['ENSG00000134516'],"['ENSG00000134516', 'ENSG00000166501', 'ENSG00000067900']",1.0,fold_13
4.1,Curated_annotation,Migratory DCs,42,0.013357079252003561,0.010889292196007259,0.14285714285714285,259091,545,36,6,5,"['ENSG00000143420', 'ENSG00000168685', 'ENSG00000169021', 'ENSG00000116489', 'ENSG00000152558']","['ENSG00000143420', 'ENSG00000168685', 'ENSG00000169021', 'ENSG00000133226', 'ENSG00000116489', 'ENSG00000152558', 'ENSG00000067900', 'ENSG00000132341', 'ENSG00000142168']",0.22105907,fold_13
4.1,Curated_annotation,Non-classical monocytes,11186,0.1410873635324726,0.13063544774019248,0.20749150724119436,233046,15446,8865,2321,3,"['ENSG00000116489', 'ENSG00000142168', 'ENSG00000132341']","['ENSG00000116489', 'ENSG00000142168', 'ENSG00000132341']",0.13948672,fold_13
4.1,Curated_annotation,Non-inflammatory macrophages,3976,0.5136067458796474,0.6637770897832818,0.26961770623742454,255159,543,2904,1072,2,"['ENSG00000179163', 'ENSG00000150782']","['ENSG00000179163', 'ENSG00000150782', 'ENSG00000152558', 'ENSG00000116489', 'ENSG00000142168', 'ENSG00000132341']",0.52194756,fold_13
4.1,Curated_annotation,Pericentral hepatocytes,27012,0.5571175183032682,0.5981261078754115,0.4372130904783059,224731,7935,15202,11810,2,"['ENSG00000197142', 'ENSG00000069869']","['ENSG00000196600', 'ENSG00000197142', 'ENSG00000069869', 'ENSG00000134759', 'ENSG00000171132', 'ENSG00000206560', 'ENSG00000136052', 'ENSG00000109819', 'ENSG00000082438', 'ENSG00000140859']",1.0,fold_13
4.1,Curated_annotation,Periportal LSECs,1153,0.05825444710288152,0.052955082742316785,0.0971379011274935,256522,2003,1041,112,2,"['ENSG00000179820', 'ENSG00000142168']","['ENSG00000179820', 'ENSG00000142168']",0.29275945,fold_13
4.1,Curated_annotation,Plasma cells,1994,0.3929164360819037,0.7012345679012346,0.1424272818455366,257563,121,1710,284,3,"['ENSG00000076554', 'ENSG00000105404', 'ENSG00000124783']","['ENSG00000076554', 'ENSG00000167815', 'ENSG00000105404', 'ENSG00000124783', 'ENSG00000142168', 'ENSG00000132341']",0.50081795,fold_13
4.1,Curated_annotation,Portal endothelial cells,747,0.07030572624118822,0.05787432117920869,0.499330655957162,252859,6072,374,373,1,['ENSG00000186642'],['ENSG00000186642'],1.0,fold_13
4.1,Curated_annotation,Stellate cells,1997,0.22440897635905435,0.2361111111111111,0.1872809213820731,256471,1210,1623,374,2,"['ENSG00000140416', 'ENSG00000170145']","['ENSG00000140416', 'ENSG00000170145', 'ENSG00000184903']",0.46288034,fold_13
4.1,Curated_annotation,Tem/Temra cytotoxic T cells,12662,0.140938565033312,0.11884161845765286,0.5499921023534986,195381,51635,5698,6964,1,['ENSG00000168685'],"['ENSG00000168685', 'ENSG00000158050']",0.17340545,fold_13
4.1,Curated_annotation,Tem/Trm cytotoxic T cells,39056,0.37174641122562163,0.3323424995487093,0.7070872593199509,165143,55479,11440,27616,1,['ENSG00000158050'],['ENSG00000158050'],0.18158302,fold_13
4.1,Curated_annotation,pDC,1213,0.3872053872053872,0.5671232876712329,0.17065127782357792,258307,158,1006,207,4,"['ENSG00000162889', 'ENSG00000110880', 'ENSG00000166501', 'ENSG00000105404']","['ENSG00000162889', 'ENSG00000110880', 'ENSG00000166501', 'ENSG00000105404', 'ENSG00000124783', 'ENSG00000132341']",0.7624004,fold_13
4.1,Curated_annotation,B cells,2513,0.5819896026081594,0.5980081484834767,0.52566653402308,256277,888,1192,1321,1,['ENSG00000153064'],['ENSG00000153064'],1.0,fold_14
4.1,Curated_annotation,CD16+ NK cells,11831,0.3664033284628148,0.41459997197702114,0.25010565463612544,243669,4178,8872,2959,2,"['ENSG00000142634', 'ENSG00000167004']","['ENSG00000142634', 'ENSG00000155926', 'ENSG00000167004', 'ENSG00000254999']",0.21292266,fold_14
4.1,Curated_annotation,CD16- NK cells,11492,0.127989565982589,0.1125544116630968,0.2835015663069962,222498,25688,8234,3258,2,"['ENSG00000155926', 'ENSG00000167004']","['ENSG00000155926', 'ENSG00000167004']",0.109623775,fold_14
4.1,Curated_annotation,Central venous LSECs,10747,0.44665285796130627,0.6788345612860014,0.1886107751000279,247972,959,8720,2027,2,"['ENSG00000103657', 'ENSG00000120594']","['ENSG00000103657', 'ENSG00000120594', 'ENSG00000133812']",0.2500649,fold_14
4.1,Curated_annotation,Cholangiocytes,3631,0.18465695841465246,0.1805283757338552,0.20324979344533187,252697,3350,2893,738,3,"['ENSG00000095787', 'ENSG00000198900', 'ENSG00000135678']","['ENSG00000095787', 'ENSG00000084733', 'ENSG00000198900', 'ENSG00000135678', 'ENSG00000133812', 'ENSG00000116044']",0.2960081,fold_14
4.1,Curated_annotation,Classical monocytes,18034,0.19344688779904726,0.18390708556149732,0.2440944881889764,222110,19534,13632,4402,3,"['ENSG00000102317', 'ENSG00000254999', 'ENSG00000155926']","['ENSG00000102317', 'ENSG00000254999', 'ENSG00000155926']",0.112605646,fold_14
4.1,Curated_annotation,DC1,1216,0.0866738894907909,0.08300907911802853,0.10526315789473684,257048,1414,1088,128,6,"['ENSG00000087191', 'ENSG00000105254', 'ENSG00000186010', 'ENSG00000161203', 'ENSG00000169813', 'ENSG00000142634']","['ENSG00000087191', 'ENSG00000105254', 'ENSG00000186010', 'ENSG00000161203', 'ENSG00000169813', 'ENSG00000142634', 'ENSG00000165629', 'ENSG00000116044', 'ENSG00000102317', 'ENSG00000254999']",0.26687676,fold_14
4.1,Curated_annotation,DC2,1308,0.06411422335394688,0.05821635012386457,0.10779816513761468,256089,2281,1167,141,5,"['ENSG00000087191', 'ENSG00000105254', 'ENSG00000198900', 'ENSG00000161203', 'ENSG00000169813']","['ENSG00000087191', 'ENSG00000105254', 'ENSG00000198900', 'ENSG00000161203', 'ENSG00000169813', 'ENSG00000186010', 'ENSG00000142634', 'ENSG00000165629', 'ENSG00000116044', 'ENSG00000102317']",0.33258384,fold_14
4.1,Curated_annotation,Fibroblasts,1248,0.44517102615694165,0.5190615835777126,0.28365384615384615,258102,328,894,354,2,"['ENSG00000173175', 'ENSG00000120594']","['ENSG00000173175', 'ENSG00000101752', 'ENSG00000120594', 'ENSG00000156011', 'ENSG00000103657', 'ENSG00000133812']",0.66255414,fold_14
4.1,Curated_annotation,Inflammatory macrophages,8426,0.3022551000456234,0.3333333333333333,0.22015191075243296,247542,3710,6571,1855,3,"['ENSG00000161203', 'ENSG00000135678', 'ENSG00000165629']","['ENSG00000161203', 'ENSG00000186010', 'ENSG00000135678', 'ENSG00000169813', 'ENSG00000165629', 'ENSG00000116044', 'ENSG00000102317', 'ENSG00000254999', 'ENSG00000155926', 'ENSG00000167004']",0.18689446,fold_14
4.1,Curated_annotation,Interzonal hepatocytes,10200,0.28838808250572956,0.29444263893402667,0.2664705882352941,242965,6513,7482,2718,3,"['ENSG00000073169', 'ENSG00000132855', 'ENSG00000166037']","['ENSG00000073169', 'ENSG00000132855', 'ENSG00000081026', 'ENSG00000166037', 'ENSG00000095951', 'ENSG00000084733', 'ENSG00000198900', 'ENSG00000156011', 'ENSG00000095787', 'ENSG00000169813']",0.64581615,fold_14
4.1,Curated_annotation,Macrophages,3510,0.3852967227635075,0.6397058823529411,0.14871794871794872,255874,294,2988,522,2,"['ENSG00000135678', 'ENSG00000120594']","['ENSG00000008083', 'ENSG00000135678', 'ENSG00000120594', 'ENSG00000133812', 'ENSG00000155926']",0.28851587,fold_14
4.1,Curated_annotation,Migratory DCs,42,0.07641921397379912,0.0673076923076923,0.16666666666666666,259539,97,35,7,5,"['ENSG00000138279', 'ENSG00000104856', 'ENSG00000105254', 'ENSG00000169813', 'ENSG00000142634']","['ENSG00000138279', 'ENSG00000104856', 'ENSG00000105254', 'ENSG00000161203', 'ENSG00000169813', 'ENSG00000142634', 'ENSG00000165629', 'ENSG00000116044', 'ENSG00000102317', 'ENSG00000254999']",0.18570274,fold_14
4.1,Curated_annotation,NK cells,1248,0.11588275391956374,0.11774891774891776,0.10897435897435898,257411,1019,1112,136,2,"['ENSG00000069974', 'ENSG00000155926']","['ENSG00000069974', 'ENSG00000155926']",0.56727487,fold_14
4.1,Curated_annotation,Neutrophils,3002,0.3059011528364342,0.2953168044077135,0.3570952698201199,254118,2558,1930,1072,1,['ENSG00000155926'],['ENSG00000155926'],0.1999532,fold_14
4.1,Curated_annotation,Non-classical monocytes,11186,0.17334174678000075,0.17500468427955782,0.16699445735741106,239686,8806,9318,1868,4,"['ENSG00000165629', 'ENSG00000102317', 'ENSG00000254999', 'ENSG00000155926']","['ENSG00000165629', 'ENSG00000102317', 'ENSG00000254999', 'ENSG00000155926']",0.120547384,fold_14
4.1,Curated_annotation,Non-inflammatory macrophages,3976,0.7652598710717163,0.7654911838790932,0.7643360160965795,254771,931,937,3039,1,['ENSG00000019169'],"['ENSG00000019169', 'ENSG00000090674', 'ENSG00000084733', 'ENSG00000135678', 'ENSG00000155926', 'ENSG00000254999', 'ENSG00000167004']",1.0,fold_14
4.1,Curated_annotation,Pericentral hepatocytes,27012,0.5027982853060252,0.5222173144876325,0.4376943580630831,221849,10817,15189,11823,2,"['ENSG00000172943', 'ENSG00000081026']","['ENSG00000172943', 'ENSG00000080802', 'ENSG00000081026', 'ENSG00000095951', 'ENSG00000166037', 'ENSG00000132855', 'ENSG00000101752', 'ENSG00000084733', 'ENSG00000095787', 'ENSG00000156011']",0.86671424,fold_14
4.1,Curated_annotation,Plasma cells,1994,0.2808738296923763,0.4044943820224719,0.12637913741223672,257313,371,1742,252,4,"['ENSG00000068912', 'ENSG00000198900', 'ENSG00000186010', 'ENSG00000167004']","['ENSG00000068912', 'ENSG00000198900', 'ENSG00000186010', 'ENSG00000102317', 'ENSG00000167004', 'ENSG00000254999']",0.25172853,fold_14
4.1,Curated_annotation,Stellate cells,1997,0.3336875664187035,0.4638109305760709,0.157235853780671,257318,363,1683,314,2,"['ENSG00000175115', 'ENSG00000156011']","['ENSG00000175115', 'ENSG00000156011', 'ENSG00000103657', 'ENSG00000120594', 'ENSG00000095787', 'ENSG00000133812']",0.6316355,fold_14
4.1,Curated_annotation,Tem/Temra cytotoxic T cells,12662,0.17211075005134027,0.14909090909090908,0.45008687411151477,214490,32526,6963,5699,1,['ENSG00000142634'],['ENSG00000142634'],0.20286962,fold_14
4.1,Curated_annotation,pDC,1213,0.22700949733611303,0.25257731958762886,0.1615828524319868,257885,580,1017,196,5,"['ENSG00000105698', 'ENSG00000139370', 'ENSG00000102317', 'ENSG00000167004', 'ENSG00000254999']","['ENSG00000105698', 'ENSG00000139370', 'ENSG00000165629', 'ENSG00000102317', 'ENSG00000167004', 'ENSG00000254999']",0.14815235,fold_14
4.1,Curated_annotation,CD4 T cells,5879,0.057410727770527484,0.046998589249766194,0.5043374723592448,193677,60122,2914,2965,2,"['ENSG00000196154', 'ENSG00000144746']","['ENSG00000196154', 'ENSG00000144746']",0.09645984,fold_15
4.1,Curated_annotation,CD16+ NK cells,11831,0.11738867841651568,0.09816195038337339,0.5421350688868227,188920,58927,5417,6414,2,"['ENSG00000196154', 'ENSG00000144746']","['ENSG00000196154', 'ENSG00000144746']",0.09437738,fold_15
4.1,Curated_annotation,Central venous LSECs,10747,0.5437408893947563,0.5538492830265432,0.5067460686703266,244544,4387,5301,5446,1,['ENSG00000064999'],"['ENSG00000064999', 'ENSG00000151474', 'ENSG00000123066', 'ENSG00000115760']",0.2738214,fold_15
4.1,Curated_annotation,Cholangiocytes,3631,0.21891058581706063,0.23312659613279824,0.1759845772514459,253945,2102,2992,639,2,"['ENSG00000144445', 'ENSG00000123066']","['ENSG00000144445', 'ENSG00000163581', 'ENSG00000128641', 'ENSG00000115760', 'ENSG00000123066']",0.31192136,fold_15
4.1,Curated_annotation,Classical monocytes,18034,0.4989184997755377,0.6315381635025185,0.27115448597094377,238791,2853,13144,4890,2,"['ENSG00000115271', 'ENSG00000196154']","['ENSG00000115271', 'ENSG00000134825', 'ENSG00000196154']",0.17664897,fold_15
4.1,Curated_annotation,DC1,1216,0.10937038131835648,0.09613510880155894,0.24342105263157895,255679,2783,920,296,4,"['ENSG00000167797', 'ENSG00000186010', 'ENSG00000102007', 'ENSG00000134825']","['ENSG00000167797', 'ENSG00000186010', 'ENSG00000102007', 'ENSG00000134825']",0.24944586,fold_15
4.1,Curated_annotation,DC2,1308,0.07337681589089831,0.06500328299409061,0.15137614678899083,255522,2848,1110,198,5,"['ENSG00000156587', 'ENSG00000115271', 'ENSG00000102007', 'ENSG00000134825', 'ENSG00000196154']","['ENSG00000156587', 'ENSG00000115271', 'ENSG00000186010', 'ENSG00000102007', 'ENSG00000134825', 'ENSG00000196154']",0.15278286,fold_15
4.1,Curated_annotation,Fibroblasts,1248,0.46155857740585776,0.5481366459627329,0.2828525641025641,258139,291,895,353,3,"['ENSG00000151474', 'ENSG00000064999', 'ENSG00000128641']","['ENSG00000151474', 'ENSG00000064999', 'ENSG00000128641', 'ENSG00000123066', 'ENSG00000115760']",0.43190923,fold_15
4.1,Curated_annotation,Inflammatory macrophages,8426,0.23476659733351518,0.21931990125029863,0.3268454782815096,241449,9803,5672,2754,2,"['ENSG00000059377', 'ENSG00000186010']","['ENSG00000059377', 'ENSG00000186010', 'ENSG00000134825', 'ENSG00000196154', 'ENSG00000144746']",0.2514044,fold_15
4.1,Curated_annotation,Interzonal hepatocytes,10200,0.24207984328559848,0.2339644197812959,0.281078431372549,240091,9387,7333,2867,4,"['ENSG00000164120', 'ENSG00000079557', 'ENSG00000004866', 'ENSG00000100722']","['ENSG00000164120', 'ENSG00000079557', 'ENSG00000166669', 'ENSG00000151532', 'ENSG00000004866', 'ENSG00000100722', 'ENSG00000168575', 'ENSG00000163581', 'ENSG00000121410', 'ENSG00000156113']",0.43166113,fold_15
4.1,Curated_annotation,MAIT cells,25463,0.26202175504409714,0.22289090710143342,0.8799827200251346,156093,78122,3056,22407,1,['ENSG00000196154'],['ENSG00000196154'],0.102647066,fold_15
4.1,Curated_annotation,Macrophages,3510,0.5088702147525677,0.6055555555555555,0.31054131054131057,255458,710,2420,1090,1,['ENSG00000059377'],"['ENSG00000156113', 'ENSG00000059377', 'ENSG00000151474', 'ENSG00000068305', 'ENSG00000123066', 'ENSG00000115760']",0.49012333,fold_15
4.1,Curated_annotation,Migratory DCs,42,0.005350454788657036,0.004329004329004329,0.09523809523809523,258716,920,38,4,5,"['ENSG00000173559', 'ENSG00000149923', 'ENSG00000184203', 'ENSG00000156587', 'ENSG00000134825']","['ENSG00000173559', 'ENSG00000149923', 'ENSG00000184203', 'ENSG00000143575', 'ENSG00000156587', 'ENSG00000134825', 'ENSG00000144746']",1.0,fold_15
4.1,Curated_annotation,Neutrophils,3002,0.6494772975503199,0.6784841075794621,0.5546302465023317,255887,789,1337,1665,1,['ENSG00000115271'],"['ENSG00000115271', 'ENSG00000196154']",0.5972726,fold_15
4.1,Curated_annotation,Non-classical monocytes,11186,0.2905306174573782,0.3615415176797775,0.16270337922403003,245278,3214,9366,1820,3,"['ENSG00000134825', 'ENSG00000196154', 'ENSG00000144746']","['ENSG00000134825', 'ENSG00000196154', 'ENSG00000144746']",0.10890343,fold_15
4.1,Curated_annotation,Non-inflammatory macrophages,3976,0.33740880843015403,0.3690432212781677,0.2512575452716298,253994,1708,2977,999,3,"['ENSG00000153071', 'ENSG00000043462', 'ENSG00000059377']","['ENSG00000153071', 'ENSG00000043462', 'ENSG00000059377', 'ENSG00000134825', 'ENSG00000144746']",1.0,fold_15
4.1,Curated_annotation,Pericentral hepatocytes,27012,0.5539218605759209,0.5546816758610407,0.5509033022360432,220719,11947,12131,14881,3,"['ENSG00000168575', 'ENSG00000166669', 'ENSG00000079557']","['ENSG00000136152', 'ENSG00000157087', 'ENSG00000197712', 'ENSG00000168575', 'ENSG00000166669', 'ENSG00000079557', 'ENSG00000164120', 'ENSG00000144445', 'ENSG00000163581', 'ENSG00000156113']",0.6449465,fold_15
4.1,Curated_annotation,Periportal hepatocytes,34031,0.4865110786297153,0.580403025578844,0.29537774382180954,218380,7267,23979,10052,1,['ENSG00000121410'],['ENSG00000121410'],0.2325713,fold_15
4.1,Curated_annotation,Plasma cells,1994,0.5018285249898415,0.674863387978142,0.2477432296890672,257446,238,1500,494,3,"['ENSG00000184164', 'ENSG00000143575', 'ENSG00000134825']","['ENSG00000184164', 'ENSG00000143575', 'ENSG00000167797', 'ENSG00000102007', 'ENSG00000186010', 'ENSG00000134825']",0.7773222,fold_15
4.1,Curated_annotation,Stellate cells,1997,0.14984731198068318,0.1396888447533929,0.21131697546319478,255082,2599,1575,422,2,"['ENSG00000064999', 'ENSG00000123066']","['ENSG00000138081', 'ENSG00000064999', 'ENSG00000123066', 'ENSG00000115760']",0.24000537,fold_15
4.1,Curated_annotation,Tem/Temra cytotoxic T cells,12662,0.1497759409994096,0.1276420249510259,0.48886431843310696,204711,42305,6472,6190,2,"['ENSG00000196154', 'ENSG00000144746']","['ENSG00000196154', 'ENSG00000144746']",0.103271335,fold_15
4.1,Curated_annotation,Tem/Trm cytotoxic T cells,39056,0.32175159588791563,0.3044952873498604,0.41606923392052436,183505,37117,22806,16250,2,"['ENSG00000144746', 'ENSG00000196154']","['ENSG00000144746', 'ENSG00000196154']",0.091620505,fold_15
4.1,Curated_annotation,pDC,1213,0.6966388968687159,0.855379188712522,0.3998351195383347,258383,82,728,485,2,"['ENSG00000198178', 'ENSG00000134825']","['ENSG00000171611', 'ENSG00000198178', 'ENSG00000102007', 'ENSG00000167797', 'ENSG00000121410', 'ENSG00000134825', 'ENSG00000196154']",0.5694792,fold_15
